,FIRE_YEAR,DISCOVER_1,STAT_CAU_1,CONT_DATE,FIRE_SIZE,LATITUDE,LONGITUDE,Coordinates
1029838,1998,253,Lightning,,5.0,36.5617,-81.375,POINT (466443.3697025556 4046317.538426721)
1737086,2014,116,Lightning,2014/04/26 00:00:00.000,7.2,36.50615,-81.846067,POINT (424235.4266419679 4040423.067787313)
358648,2005,132,Lightning,2005/05/14 00:00:00.000,26.0,36.3854,-81.1673,POINT (484995.349451456 4026709.320000181)
358622,2001,125,Lightning,2001/05/05 00:00:00.000,0.5,36.38955,-81.19473,POINT (482536.158008769 4027174.256954954)
1737140,2014,124,Lightning,2014/05/05 00:00:00.000,10.0,36.54366666,-81.5499,POINT (450781.0045085107 4044392.415939793)
1025744,1997,264,Lightning,,0.3,36.5283,-81.155,POINT (486123.9821432097 4042558.408308906)
1006243,1993,193,Lightning,,0.2,36.545,-81.335,POINT (470016.3055463546 4044451.872158786)
1006242,1993,190,Lightning,,1.0,36.4983,-81.2883,POINT (474180.6208115006 4039258.149444521)
1616971,2012,186,Lightning,2012/07/04 00:00:00.000,0.1,36.43333333,-81.06666667,POINT (494024.5343280348 4032015.260836174)
1011554,1994,185,Lightning,,0.2,36.4383,-81.055,POINT (495070.5552637092 4032565.51804675)
1030085,1998,254,Lightning,,0.3,36.375,-81.1283,POINT (488491.6158767901 4025550.381161339)
1012003,1994,144,Lightning,,262.0,36.4083,-81.1417,POINT (487295.0681527475 4029245.763109475)
1011577,1994,146,Lightning,,0.1,36.3617,-81.3983,POINT (464266.7222089816 4024141.122015904)
1617035,2012,77,Lightning,2012/03/17 00:00:00.000,0.5,36.36756667,-81.52946667,POINT (452502.6501461742 4024848.357050146)
1029847,1998,330,Lightning,,1.0,36.385,-81.4117,POINT (463075.5556337445 4026730.65232495)
1737453,2014,162,Lightning,2014/06/11 00:00:00.000,0.1,36.33446666,-81.15576666,POINT (486020.6361386154 4021057.991462934)
1051870,2002,69,Lightning,,25.0,36.35,-81.3167,POINT (471583.1966400705 4022816.255742128)
1012000,1994,118,Lightning,,3.0,36.2917,-81.3483,POINT (468724.5028059873 4016359.303284975)
1045966,2001,124,Lightning,,0.1,36.25,-81.8667,POINT (422132.7766101417 4012025.948281089)
1051895,2002,186,Lightning,,6.0,36.2333,-81.4,POINT (464055.3457207771 4009899.501261464)
1051830,2002,118,Lightning,,0.1,36.2667,-81.5833,POINT (447605.8648531181 4013687.809060063)
358606,2000,134,Lightning,2000/05/15 00:00:00.000,310.0,36.377340000000004,-81.1459,POINT (486913.3041810315 4025812.178337253)
1428903,2010,199,Lightning,2010/07/25 00:00:00.000,0.2,36.23065,-81.27605,POINT (475192.8905115513 4009566.723593301)
1030109,1998,330,Lightning,,0.1,36.2483,-81.3717,POINT (466604.822383391 4011553.175221348)
1051897,2002,190,Lightning,,2.0,36.25,-81.25,POINT (477539.4031874929 4011706.662241219)
1569998,2012,88,Lightning,2012/03/28 00:00:00.000,112.0,36.42972222,-82.02027778,POINT (408544.8141399442 4032096.22147295)
25153,2007,238,Lightning,2007/08/28 00:00:00.000,244.0,36.39972222,-82.14083333,POINT (397698.7692185343 4028889.397467353)
246608,1993,203,Lightning,1993/07/23 00:00:00.000,0.5,36.0976,-81.79826,POINT (428142.7613904178 3995068.734584768)
358609,2000,248,Lightning,2000/09/04 00:00:00.000,0.1,36.13856,-81.73456,POINT (433911.3024663951 3999566.80876077)
597529,2008,119,Lightning,,161.0,36.41907,-81.87928000000001,POINT (421173.0587144722 4030790.180582535)
153532,2001,125,Lightning,2001/05/06 00:00:00.000,59.0,36.56638889,-81.8275,POINT (425955.5783269344 4047090.799259396)
103920,1997,136,Lightning,1997/05/19 00:00:00.000,200.0,36.28833333,-81.93333333,POINT (416187.0403153346 4016333.649139695)
153467,2001,125,Lightning,2001/05/05 00:00:00.000,20.0,36.46888889,-82.0175,POINT (408839.6594580786 4036438.278183387)
112866,1998,253,Lightning,1998/09/11 00:00:00.000,1.0,36.00333333,-82.665,POINT (349937.2408042308 3985600.083230416)
16530,2006,108,Lightning,2006/04/18 00:00:00.000,12.0,36.05166667,-82.56111111,POINT (359387.2056935097 3990806.590812449)
58629,1993,278,Lightning,1993/10/05 00:00:00.000,0.1,36.07666667,-82.7,POINT (346924.5334814442 3993789.460938667)
153596,2002,214,Lightning,2002/08/18 00:00:00.000,360.0,36.11666667,-82.54833333,POINT (360653.00556552 3997998.57028608)
1458604,2011,288,Lightning,2011/10/15 00:00:00.000,0.25,36.2375,-82.37472222,POINT (376468.5228449439 4011167.33893792)
130212,1999,243,Lightning,1999/09/05 00:00:00.000,3.0,36.2,-82.15833333,POINT (395864.2451459268 4006753.493187683)
166980,2004,129,Lightning,2004/05/09 00:00:00.000,75.4,36.2625,-82.23861111,POINT (388735.427508271 4013775.593672405)
82981,1995,196,Lightning,1995/07/15 00:00:00.000,3.0,36.275,-82.18166667,POINT (393867.8974896946 4015098.261344594)
82995,1995,168,Lightning,1995/06/17 00:00:00.000,0.4,36.29,-82.185,POINT (393588.8670439544 4016765.825912694)
1728139,2014,171,Lightning,2014/06/30 00:00:00.000,4.0,36.07472222,-82.47527778,POINT (367157.726030557 3993243.479259421)
1728138,2014,242,Lightning,2014/09/02 00:00:00.000,2.0,36.09138889,-82.43166667,POINT (371112.1844692542 3995033.584208898)
1569984,2012,207,Lightning,2012/07/25 00:00:00.000,0.1,36.12527778,-82.45138889,POINT (369392.6777291952 3998819.119136938)
82975,1995,100,Lightning,1995/04/11 00:00:00.000,14.0,36.04666667,-82.465,POINT (368036.4066354283 3990117.375137947)
82977,1995,101,Lightning,1995/04/12 00:00:00.000,206.0,36.05833333,-82.48833333,POINT (365954.2413335432 3991443.409895054)
82976,1995,100,Lightning,1995/04/13 00:00:00.000,100.0,36.07833333,-82.475,POINT (367188.8144235568 3993643.670996836)
153482,2001,165,Lightning,2001/06/14 00:00:00.000,3.0,36.10833333,-82.455,POINT (369039.5595112302 3996944.369048234)
25116,2007,236,Lightning,2007/08/24 00:00:00.000,49.0,36.13527778,-82.38333333,POINT (375533.0185793029 3999839.049277843)
25351,2007,238,Lightning,2007/08/26 00:00:00.000,0.5,36.13777778,-82.38333333,POINT (375536.9677546936 4000116.366982677)
16532,2006,221,Lightning,2006/08/10 00:00:00.000,0.5,36.15555556,-82.445,POINT (370017.6046011606 4002169.20482458)
153607,2000,303,Lightning,2000/10/30 00:00:00.000,90.0,36.16305556,-82.48111111,POINT (366781.7674677576 4003050.122305276)
27514,2008,161,Lightning,2008/06/10 00:00:00.000,0.25,36.16388889,-82.52722222,POINT (362635.4712167598 4003206.832343659)
25121,2007,101,Lightning,2007/04/12 00:00:00.000,0.1,36.19972222,-82.34111111,POINT (379430.9927482994 4006934.404013086)
1051828,2002,117,Lightning,,2.0,36.2333,-81.7333,POINT (434104.0782629657 4010074.592989616)
1051892,2002,185,Lightning,,0.2,36.2,-81.3667,POINT (467033.7837741421 4006194.053326382)
1001635,1992,106,Lightning,,0.2,36.1683,-81.5083,POINT (454285.4833936287 4002735.319206814)
1051825,2002,110,Lightning,,15.0,36.2167,-81.5667,POINT (449064.5216573963 4008132.919350618)
1006537,1993,184,Lightning,,2.0,36.1517,-81.385,POINT (465367.3628169603 4000843.056687213)
1045901,2001,122,Lightning,,5.0,36.1,-81.5833,POINT (447494.7290397584 3995197.482409218)
1006455,1993,156,Lightning,,6.0,36.1083,-81.5483,POINT (450650.4474451435 3996099.771267722)
1051891,2002,185,Lightning,,8.0,36.1167,-81.4333,POINT (461005.2045500175 3996979.227551087)
1038434,2000,301,Lightning,,80.0,36.1167,-81.55,POINT (450502.709483185 3997032.349064123)
1030074,1998,146,Lightning,,0.1,36.1217,-81.4583,POINT (458757.9323465143 3997544.135747041)
1620175,2012,75,Lightning,2012/03/15 00:00:00.000,1.0,36.15321667,-81.44606667,POINT (459874.8574482665 4001034.786206244)
1001636,1992,108,Lightning,,1.0,36.155,-81.5117,POINT (453971.9238785463 4001261.703258779)
1620125,2012,100,Lightning,2012/04/10 00:00:00.000,50.0,36.15635,-81.55758333,POINT (449845.4805095872 4001434.166268548)
1021465,1996,126,Lightning,,0.1,36.1583,-81.445,POINT (459973.3921377551 4001598.181528761)
1051882,2002,118,Lightning,,0.3,36.1167,-81.0333,POINT (497003.1781705699 3996892.828595236)
1728357,2014,123,Lightning,2014/05/04 00:00:00.000,3.0,36.07138889,-81.76388889,POINT (431213.9840117799 3992136.5665249)
1796025,2015,247,Lightning,,0.5,36.10694444,-81.7075,POINT (436320.4128766044 3996041.957158604)
31452,2008,163,Lightning,2008/06/14 00:00:00.000,1.1,36.06083333,-81.65638889,POINT (440886.2974643958 3990895.117417872)
34945,2009,114,Lightning,2009/04/26 00:00:00.000,17.0,36.06583333,-81.66527778,POINT (440089.5531564743 3991455.143233127)
59319,1993,191,Lightning,1993/07/12 00:00:00.000,4.0,36.08333333,-81.64666667,POINT (441778.4677213324 3993384.914449006)
514111,2006,203,Lightning,,0.1,35.96472997,-81.45568001,POINT (458912.2289985745 3980132.45967853)
518775,2005,131,Lightning,,10.0,36.08872,-81.45827,POINT (458743.3905951331 3993886.05852686)
1060503,2001,124,Lightning,2001/05/04 00:00:00.000,1.0,36.04333333,-81.585,POINT (447303.9162877481 3988913.062991336)
1038387,2000,132,Lightning,,2.0,36.05,-81.5333,POINT (451965.0829339568 3989625.767031115)
1045567,2001,121,Lightning,,0.1,36.0167,-81.1833,POINT (483483.0818378283 3985816.265679948)
1051899,2002,231,Lightning,,40.0,36.0167,-81.3,POINT (472967.3766164819 3985842.345117787)
1736934,2014,96,Lightning,2014/04/06 00:00:00.000,35.0,36.02946666,-81.25465,POINT (477057.5185919816 3987246.733381072)
1011859,1994,116,Lightning,,2.0,36.0383,-81.3817,POINT (465614.849597705 3988263.881491571)
1001579,1992,102,Lightning,,0.1,36.0017,-81.5017,POINT (454783.7621648041 3984253.374820781)
1459345,2011,215,Lightning,2011/08/04 00:00:00.000,6.0,36.01277778,-81.55916667,POINT (449611.5194922164 3985510.267889023)
1025860,1997,67,Lightning,,20.0,36.0183,-81.4517,POINT (459298.6294146549 3986072.539342114)
1006457,1993,162,Lightning,,1.0,36.0183,-81.5083,POINT (454198.5290374637 3986097.664983978)
1570550,2012,188,Lightning,2012/07/10 00:00:00.000,25.0,35.975,-81.66666667,POINT (439895.5355919368 3981381.008523186)
1459407,2011,162,Lightning,2011/06/12 00:00:00.000,4.5,36.0075,-81.80111111,POINT (427803.8645482796 3985077.047490819)
1006469,1993,192,Lightning,,0.2,36.0483,-81.625,POINT (443704.2585157338 3989486.341259759)
1011515,1994,145,Lightning,,12.0,35.9883,-81.285,POINT (474309.8009245566 3982688.299019059)
1857644,2015,226,Lightning,2015/08/14 00:00:00.000,0.1,35.981133,-81.582,POINT (447532.9504026694 3982012.392849823)
1006456,1993,162,Lightning,,0.1,35.9817,-81.585,POINT (447262.8760326722 3982076.900513725)
1051791,2002,248,Lightning,,1.0,35.9833,-81.5,POINT (454926.5109509075 3982211.736876344)
1001322,1992,115,Lightning,,1.0,35.965,-81.0117,POINT (498945.0410641314 3980066.516237753)
1006215,1993,132,Lightning,,50.0,35.9317,-81.3317,POINT (470078.8583509253 3976423.853287365)
1728360,2014,93,Lightning,2014/04/12 00:00:00.000,550.0,35.89833333,-81.75444444,POINT (431915.9283369195 3972935.068801872)
1459413,2011,186,Lightning,2011/07/06 00:00:00.000,0.1,35.87194444,-81.81694444,POINT (426251.0991668992 3970053.472022457)
1051790,2002,247,Lightning,,6.0,35.8667,-81.45,POINT (459374.2940156447 3969257.173268784)
28013,2008,189,Lightning,2008/07/07 00:00:00.000,2.0,35.96277778,-83.06222222,POINT (314036.9444008134 3981785.821006207)
25353,2007,244,Lightning,2007/09/01 00:00:00.000,0.5,35.93472222,-82.92388889,POINT (326451.4432301246 3978418.564465978)
16508,2006,93,Lightning,2006/04/03 00:00:00.000,0.1,35.93833333,-82.80444444,POINT (337234.7496853484 3978613.31808664)
19142,2007,144,Lightning,2007/05/27 00:00:00.000,110.0,35.94416667,-82.84444444,POINT (333638.4974576371 3979327.880994037)
25113,2007,170,Lightning,2007/06/19 00:00:00.000,0.2,35.94166667,-83.00333333,POINT (319299.9030489816 3979333.156897594)
25377,2007,245,Lightning,2007/09/02 00:00:00.000,1.5,35.98888889,-82.82833333,POINT (335184.8203972385 3984261.639445785)
25344,2007,143,Lightning,2007/05/24 00:00:00.000,2115.0,35.99194444,-82.91222222,POINT (327628.4465908777 3984745.726361604)
25347,2007,180,Lightning,2007/06/30 00:00:00.000,0.2,36.02111111,-82.80138889,POINT (337680.0659355966 3987790.878059865)
1570012,2012,245,Lightning,2012/09/02 00:00:00.000,0.2,35.92083333,-83.11888889,POINT (308825.1959571191 3977242.173753207)
1356375,2007,170,Lightning,2007/06/20 00:00:00.000,0.2,35.9419,-83.00341999999999,POINT (319292.615908387 3979359.201846314)
1459380,2011,94,Lightning,2011/04/04 00:00:00.000,1.0,35.9375,-82.86555556,POINT (331720.0105613458 3978624.538172435)
1570461,2012,187,Lightning,2012/07/06 00:00:00.000,0.25,35.96861111,-82.65777778,POINT (350522.7188605485 3981737.287961581)
1356378,2007,252,Lightning,2007/09/11 00:00:00.000,1.5,35.990916999999996,-82.83487,POINT (334599.7446772449 3984497.696122217)
1641635,2013,176,Lightning,2013/06/25 00:00:00.000,0.01,36.04916667,-82.735,POINT (343718.2882170775 3990794.496784229)
595127,2006,218,Lightning,,4.0,35.885,-83.31332997,POINT (291184.8829523402 3973665.124293092)
935835,1997,219,Lightning,,0.2,35.865,-83.2883,POINT (293392.6618078374 3971393.100230709)
935834,1997,218,Lightning,,0.5,35.865,-83.2883,POINT (293392.6618078374 3971393.100230709)
29451,2008,216,Lightning,2008/08/03 00:00:00.000,4.0,35.91833333,-83.07416667,POINT (312854.8845617587 3976878.16332564)
32405,2008,233,Lightning,2008/08/21 00:00:00.000,2000.0,35.92277778,-83.06722222,POINT (313491.9854397157 3977357.920382688)
16533,2006,174,Lightning,2006/06/23 00:00:00.000,0.1,35.92805556,-83.10694444,POINT (309920.3204317313 3978020.055480898)
25115,2007,235,Lightning,2007/08/23 00:00:00.000,75.0,35.93527778,-83.01805556,POINT (317957.1329349467 3978651.773268269)
153605,2002,203,Lightning,2002/07/23 00:00:00.000,31.0,35.95611111,-83.02444444,POINT (317428.6919838538 3980974.863684781)
1051314,2002,213,Lightning,,0.2,35.9,-82.85,POINT (333044.509436926 3974437.900129958)
1355127,2007,169,Lightning,2007/06/18 00:00:00.000,1.0,35.8069,-83.40843000000001,POINT (282385.6015954739 3965207.982566599)
28178,2008,178,Lightning,2008/06/27 00:00:00.000,0.5,35.7875,-82.86083333,POINT (331829.310105698 3961976.818483026)
34860,2009,115,Lightning,2009/04/26 00:00:00.000,2.5,35.78805556,-82.8525,POINT (332583.6747745704 3962024.168289788)
153604,2002,197,Lightning,2002/07/17 00:00:00.000,25.0,35.83194444,-82.99055556,POINT (320204.6176268884 3967137.679738186)
112868,1998,254,Lightning,1998/09/11 00:00:00.000,0.5,35.85666667,-82.82,POINT (335662.6662821453 3969580.065619427)
153470,2000,135,Lightning,2000/05/15 00:00:00.000,50.0,35.86944444,-82.91388889,POINT (327211.722606922 3971159.41188194)
120125,1999,247,Lightning,1999/09/04 00:00:00.000,0.5,35.88972222,-82.83972222,POINT (333950.6699068025 3973280.2585598)
29698,2008,204,Lightning,2008/07/22 00:00:00.000,1.0,35.89666667,-82.86194444,POINT (331959.4014950036 3974088.614036171)
34859,2009,106,Lightning,2009/04/17 00:00:00.000,0.25,35.90027778,-82.89305556,POINT (329159.0651485471 3974543.172618208)
597624,2008,166,Lightning,,300.0,35.7966,-83.69675,POINT (256297.0857525133 3964744.82550065)
1052003,2002,109,Lightning,,2.5,35.7333,-83.0333,POINT (316116.0876658258 3956274.178142218)
1570492,2012,75,Lightning,2012/03/15 00:00:00.000,18.0,35.75666667,-83.08361111,POINT (311620.5996790766 3958961.842407412)
1570500,2012,77,Lightning,2012/03/17 00:00:00.000,0.2,35.77083333,-83.09361111,POINT (310749.9478686846 3960552.675111438)
1459389,2011,103,Lightning,2011/04/13 00:00:00.000,1.0,35.79638889,-82.9625,POINT (322659.9456857423 3963142.233853528)
1570009,2012,185,Lightning,2012/07/03 00:00:00.000,75.0,35.90388889,-83.12638889,POINT (308107.4797636932 3975377.124058368)
1458594,2011,221,Lightning,2011/08/09 00:00:00.000,0.2,35.915,-83.11777778,POINT (308911.4210012463 3976592.866363499)
1033182,1999,114,Lightning,,0.1,35.8117,-82.6583,POINT (350180.2177583581 3964332.372730124)
246786,1999,99,Lightning,1999/04/10 00:00:00.000,2.9,35.724866,-83.462236,POINT (277294.2665291508 3956227.879002131)
1618602,2012,93,Lightning,2012/04/02 00:00:00.000,0.1,35.76405,-82.64001667,POINT (351743.6784627895 3959018.958362865)
1029635,1998,175,Lightning,,0.2,35.7783,-82.6283,POINT (352829.2144379824 3960581.973028083)
246761,1995,197,Lightning,1995/07/17 00:00:00.000,7.4,35.688385,-83.880808,POINT (239306.6587976228 3953211.898828649)
246762,1995,197,Lightning,1995/07/21 00:00:00.000,56.0,35.692581,-83.875428,POINT (239807.286088568 3953663.178162763)
246763,1995,197,Lightning,1995/07/21 00:00:00.000,1.0,35.692665000000005,-83.877656,POINT (239605.8968959948 3953678.410300084)
934556,2002,151,Lightning,,3.0,35.7,-83.7533,POINT (250884.3412709676 3954169.272227635)
246765,1995,249,Lightning,1995/09/07 00:00:00.000,5.0,35.708901000000004,-83.699761,POINT (255756.8342768239 3955022.174982922)
934534,2002,88,Lightning,,6.0,35.7417,-83.6483,POINT (260511.7876553196 3958534.201813204)
597667,2008,204,Lightning,,2.0,35.74557,-83.66427,POINT (259078.9453527091 3959002.718612277)
942416,2000,138,Lightning,,5.0,35.7533,-83.7533,POINT (251050.4061408277 3960082.940407415)
358780,2006,95,Lightning,2006/04/07 00:00:00.000,21.0,35.694784999999996,-83.111025,POINT (308993.9986934799 3952150.126483531)
150048,2002,108,Lightning,2002/04/18 00:00:00.000,12.0,35.73888889,-83.03472222,POINT (316000.3149388959 3956896.833839353)
246774,1997,137,Lightning,1997/05/17 00:00:00.000,0.1,35.738062,-83.113516,POINT (308872.009629128 3956955.851069196)
27200,2008,131,Lightning,2008/05/10 00:00:00.000,0.1,35.82638889,-83.15305556,POINT (305511.2590201164 3966832.251062802)
594842,2006,231,Lightning,,2.6,35.82499998,-83.25832998,POINT (295996.5793393573 3966892.590689502)
358816,2008,203,Lightning,2008/07/23 00:00:00.000,150.0,35.8267,-83.2017,POINT (301117.2315125383 3966964.57031186)
112020,1998,253,Lightning,1998/09/12 00:00:00.000,285.0,35.835,-83.16833333,POINT (304152.1602913975 3967818.02117367)
1736926,2014,94,Lightning,2014/04/04 00:00:00.000,2.0,35.882783,-83.34956700000001,POINT (287907.4208948081 3973497.241590413)
1033186,1999,130,Lightning,,8.1,35.7417,-82.7517,POINT (341602.3116738985 3956714.465750065)
1033880,1999,161,Lightning,,0.1,35.6383,-82.975,POINT (321177.2084223253 3945628.060332418)
1030196,1998,262,Lightning,,2.0,35.6883,-82.955,POINT (323098.6818056809 3951138.317023508)
120366,1999,99,Lightning,1999/04/10 00:00:00.000,140.0,35.75222222,-82.98416667,POINT (320602.5748449867 3958282.213582186)
358793,2007,150,Lightning,2007/05/30 00:00:00.000,0.1,35.6012,-83.8535,POINT (241497.5195301791 3943466.281712141)
358731,2000,313,Lightning,,0.1,35.609814,-83.79953,POINT (246415.2207358898 3944281.446833261)
246740,1993,192,Lightning,1993/07/12 00:00:00.000,2.0,35.632999,-83.72914499999999,POINT (252863.7803618308 3946674.496668832)
358754,2002,219,Lightning,2002/08/09 00:00:00.000,13.0,35.634769,-83.805679,POINT (245937.1248942626 3947066.102798013)
246737,1993,166,Lightning,1993/06/15 00:00:00.000,0.1,35.668281,-83.66408,POINT (258863.2563043897 3950427.213026841)
246759,1995,109,Lightning,1995/04/21 00:00:00.000,5.0,35.670057,-83.704357,POINT (255222.1813736274 3950723.942153283)
934565,2002,178,Lightning,,5.0,35.67,-83.92,POINT (235698.3825780346 3951276.845322066)
934574,2002,173,Lightning,,0.1,35.6767,-83.8383,POINT (243116.8682153267 3951803.29612861)
1617256,2012,94,Lightning,2012/04/04 00:00:00.000,0.1,35.63861667,-82.76955,POINT (339781.96408974 3945308.836695643)
1649647,2013,79,Lightning,2013/03/26 00:00:00.000,10.0,35.5283,-83.5475,POINT (269015.4786180314 3934617.241116443)
1649646,2013,78,Lightning,2013/03/26 00:00:00.000,0.1,35.5911,-83.4133,POINT (281356.7115207121 3941277.821573319)
1580880,2012,184,Lightning,2012/07/09 00:00:00.000,0.1,35.6008,-83.5294,POINT (270863.632794964 3942618.233475082)
1470460,2011,186,Lightning,2011/07/06 00:00:00.000,0.1,35.6833,-83.6072,POINT (264057.1064962485 3951955.281763937)
1649648,2013,109,Lightning,2013/04/19 00:00:00.000,5.0,35.7344,-83.5019,POINT (273732.9778705228 3957376.435227714)
1355899,2007,236,Lightning,2007/08/24 00:00:00.000,0.5,35.740083,-83.4257,POINT (280641.2986572194 3957833.704354133)
1805410,2015,97,Lightning,2015/04/07 00:00:00.000,0.5,35.762183,-83.39971700000001,POINT (283051.4449085317 3960227.663972183)
1355257,2007,178,Lightning,2007/07/04 00:00:00.000,15.0,35.767533,-83.58408,POINT (266396.1189233518 3961245.233144493)
1355440,2007,197,Lightning,2007/07/16 00:00:00.000,5.0,35.767533,-83.58408299999999,POINT (266395.8476611094 3961245.24030021)
246789,1999,111,Lightning,,130.0,35.562872999999996,-83.33972,POINT (287949.793473434 3937985.357913577)
358768,2004,166,Lightning,,0.1,35.586508,-83.416577,POINT (281047.2485870409 3940775.677861715)
358782,2006,150,Lightning,2006/05/31 00:00:00.000,0.5,35.617075,-83.429733,POINT (279938.7907777363 3944196.129868397)
358815,2008,191,Lightning,2008/07/15 00:00:00.000,0.1,35.62923,-83.47071,POINT (276260.6496620807 3945637.121923155)
246727,1992,78,Lightning,,1.0,35.629938,-83.478323,POINT (275573.0828933226 3945733.027563683)
246728,1992,217,Lightning,1992/08/06 00:00:00.000,0.1,35.6334,-83.4832,POINT (275141.0556538239 3946128.255920074)
358781,2006,133,Lightning,2006/05/14 00:00:00.000,0.1,35.637173,-83.490009,POINT (274534.9663288525 3946562.441887323)
358721,2000,70,Lightning,,0.2,35.641797,-83.477363,POINT (275693.1988799802 3947046.490235988)
246741,1993,210,Lightning,1993/07/31 00:00:00.000,0.1,35.655732,-83.39036800000001,POINT (283609.065887887 3948397.299517126)
246742,1993,219,Lightning,1993/08/08 00:00:00.000,0.1,35.671225,-83.41817900000001,POINT (281133.2807650538 3950177.727932434)
1006642,1993,190,Lightning,,0.1,35.6283,-83.025,POINT (316626.5956636975 3944610.885014596)
1470459,2011,165,Lightning,2011/06/18 00:00:00.000,7.7,35.4364,-83.6494,POINT (259500.1279444888 3924665.202729752)
1580875,2012,119,Lightning,2012/05/02 00:00:00.000,2.9,35.4564,-83.7961,POINT (246242.8546224317 3927251.445339258)
1470458,2011,94,Lightning,2011/04/07 00:00:00.000,69.8,35.4647,-83.8783,POINT (238807.7021044654 3928386.858799865)
1355062,2007,151,Lightning,2007/05/31 00:00:00.000,8.0,35.587666999999996,-83.9205,POINT (235381.6235834131 3942142.981883064)
1470461,2011,206,Lightning,2011/09/12 00:00:00.000,316.0,35.6283,-83.86,POINT (240995.9920096743 3946490.199634601)
1803207,2015,111,Lightning,2015/04/21 00:00:00.000,0.1,35.6378,-83.9025,POINT (237177.2334864402 3947657.134911901)
1354750,2007,129,Lightning,2007/05/11 00:00:00.000,75.0,35.669167,-83.67166999999999,POINT (258178.768764778 3950544.182900918)
1355900,2007,236,Lightning,2007/08/24 00:00:00.000,50.0,35.702283,-83.70903,POINT (254897.8052087031 3954311.038917132)
1580876,2012,172,Lightning,2012/06/29 00:00:00.000,15.4,35.7089,-83.7853,POINT (248016.3236261063 3955238.484618773)
1001835,1992,115,Lightning,,0.1,35.5817,-82.8617,POINT (331318.1291325149 3939149.39659746)
246778,1998,251,Lightning,,0.1,35.591265,-83.272908,POINT (294078.7877987095 3940993.171271736)
1038631,2000,317,Lightning,,4.0,35.5667,-82.8167,POINT (335365.1638300207 3937409.333013152)
1001834,1992,115,Lightning,,0.1,35.5783,-82.8483,POINT (332525.3107199916 3938749.366644857)
252057,2007,200,Lightning,2007/07/19 00:00:00.000,1.0,35.5551,-83.2807,POINT (293279.7725460519 3936997.531942055)
251797,2000,84,Lightning,2000/03/24 00:00:00.000,1.5,35.556999999999995,-83.2843,POINT (292958.3051476083 3937215.872790968)
1737186,2014,135,Lightning,2014/05/15 00:00:00.000,1.0,35.52483333,-83.07766666,POINT (311614.4599424267 3933232.793648533)
174282,1992,116,Lightning,1992/04/25 00:00:00.000,2.0,35.5334,-83.1999,POINT (300550.8374682856 3934423.661581981)
1461299,2011,115,Lightning,2011/04/27 00:00:00.000,1.5,35.51956,-83.24725,POINT (296222.2301381709 3932985.227887548)
52610,1992,25,Lightning,1992/01/25 00:00:00.000,0.1,35.41833333,-83.85833333,POINT (240471.1383897693 3923189.79690477)
135288,2001,120,Lightning,2001/04/30 00:00:00.000,2.0,35.435,-83.72,POINT (253085.5497160865 3924684.159956738)
246777,1998,170,Lightning,1998/06/20 00:00:00.000,0.1,35.45136,-83.702826,POINT (254694.632567571 3926456.404001391)
358779,2006,95,Lightning,2006/04/18 00:00:00.000,913.0,35.521257,-83.909023,POINT (236204.0898073362 3934743.769342689)
246743,1993,254,Lightning,1993/09/17 00:00:00.000,90.0,35.532265,-83.918575,POINT (235373.8345933987 3935990.762699998)
358736,2001,117,Lightning,,6.0,35.538216999999996,-83.813499,POINT (244922.4512983888 3936373.865307125)
934564,2002,178,Lightning,,20.0,35.59,-83.92,POINT (235434.6240516226 3942400.491935347)
358800,2007,229,Lightning,2007/08/27 00:00:00.000,34.0,35.599024,-83.64681800000001,POINT (260219.1225349236 3942701.150605255)
1005929,1993,107,Lightning,,1.0,35.5083,-82.745,POINT (341748.7946181099 3930813.916206)
1026030,1997,263,Lightning,,0.1,35.5017,-82.8783,POINT (329644.7208712418 3930303.922570146)
246776,1998,96,Lightning,,370.0,35.488309,-83.541513,POINT (269444.0615738867 3930166.565406329)
174278,1992,81,Lightning,1992/03/21 00:00:00.000,5.0,35.4834,-83.2665,POINT (294384.1690796731 3929013.832948905)
1038623,2000,131,Lightning,,4.0,35.4833,-82.9,POINT (327637.059838306 3928300.600515859)
1459388,2011,101,Lightning,2011/04/12 00:00:00.000,0.25,35.44305556,-82.62638889,POINT (352387.1729275358 3923393.143260167)
1051209,2002,227,Lightning,,0.2,35.45,-82.7667,POINT (339664.882830285 3924382.186385736)
27222,2008,103,Lightning,2008/04/13 00:00:00.000,55.0,35.44527778,-83.50555556,POINT (272585.4570649031 3925309.218565091)
1046361,2001,126,Lightning,,4.0,35.3833,-83.5333,POINT (269890.4343026618 3918497.693964544)
83729,1995,80,Lightning,1995/03/22 00:00:00.000,1.0,35.36666667,-83.05166667,POINT (313607.7495797282 3915638.315170754)
59378,1993,208,Lightning,1993/07/28 00:00:00.000,2.0,35.445,-83.245,POINT (296238.078096587 3924709.409366885)
535066,2009,107,Lightning,,12.8,36.015679999999996,-82.1364,POINT (397597.1585577461 3986284.7777063)
31453,2008,170,Lightning,2008/06/22 00:00:00.000,30.0,35.95138889,-81.74472222,POINT (432838.1961824723 3978813.057511145)
59322,1993,192,Lightning,1993/07/14 00:00:00.000,12.0,35.955,-81.685,POINT (438227.0623978724 3979174.133088593)
59312,1993,162,Lightning,1993/06/12 00:00:00.000,2.0,35.96333333,-81.81333333,POINT (426661.5114462691 3980187.299783997)
8751,2006,147,Lightning,2006/05/27 00:00:00.000,1.0,35.97861111,-81.71,POINT (435991.601003002 3981809.114328546)
59313,1993,162,Lightning,1993/06/12 00:00:00.000,4.0,35.98,-81.76666667,POINT (430884.0684558295 3982001.844281839)
59323,1993,193,Lightning,1993/07/13 00:00:00.000,0.5,35.98166667,-81.71666667,POINT (435393.0637974801 3982152.424009674)
59314,1993,162,Lightning,1993/06/12 00:00:00.000,32.0,35.98166667,-81.80166667,POINT (427730.2327340172 3982212.080382877)
25030,2007,162,Lightning,2007/06/16 00:00:00.000,67.0,35.98666667,-81.835,POINT (424729.9371691755 3982791.888693822)
25028,2007,160,Lightning,2007/06/09 00:00:00.000,3.0,35.99027778,-81.84972222,POINT (423406.2811981451 3983203.892395715)
25047,2007,248,Lightning,2007/09/10 00:00:00.000,15.0,36.00833333,-81.815,POINT (426552.9446724991 3985179.857689924)
25050,2007,252,Lightning,2007/09/11 00:00:00.000,5.0,36.0125,-81.74416667,POINT (432940.0261257219 3985590.94886865)
112851,1998,183,Lightning,1998/07/03 00:00:00.000,0.5,36.02166667,-81.845,POINT (423862.1378945487 3986681.80088254)
25035,2007,176,Lightning,2007/06/25 00:00:00.000,0.1,36.02222222,-81.81388889,POINT (426665.947286873 3986719.554063024)
101505,1997,247,Lightning,1997/09/04 00:00:00.000,3.0,36.03666667,-81.73833333,POINT (433486.0183563339 3988267.467220043)
34943,2009,114,Lightning,2009/04/25 00:00:00.000,2.0,36.05027778,-81.74333333,POINT (433047.1025990188 3989780.615264156)
25038,2007,187,Lightning,2007/07/10 00:00:00.000,5.0,36.08222222,-81.73361111,POINT (433949.5193389775 3993317.207177925)
358646,2005,53,Lightning,2005/02/22 00:00:00.000,0.1,36.0947,-81.8128,POINT (426831.1939246063 3994757.909363067)
1617052,2012,101,Lightning,2012/04/10 00:00:00.000,2.0,35.97148333,-81.95048333,POINT (414303.1374602442 3981203.088057016)
1021133,1996,111,Lightning,,0.1,36.005,-82.045,POINT (405820.9527408074 3985007.939880135)
516180,2006,143,Lightning,,0.5,35.89446999,-82.00361999,POINT (409424.2976653374 3972708.860916759)
31449,2008,126,Lightning,2008/05/05 00:00:00.000,0.5,35.90277778,-81.90666667,POINT (418183.0314253625 3973544.806862772)
1857608,2015,93,Lightning,2015/04/03 00:00:00.000,1.1,35.94815,-82.50855,POINT (363944.1014703122 3979249.17847258)
1796003,2015,93,Lightning,2015/04/03 00:00:00.000,2.0,35.95611111,-82.49111111,POINT (365530.5204730142 3980108.091487471)
1736921,2014,93,Lightning,2014/04/03 00:00:00.000,0.1,35.95748333,-82.50453333,POINT (364322.3556896211 3980278.891274838)
19140,2007,144,Lightning,2007/05/30 00:00:00.000,575.0,36.02027778,-82.41194444,POINT (372773.3837569023 3987119.545182711)
1006137,1993,191,Lightning,,1.0,35.9117,-82.1383,POINT (397291.3552724576 3974753.232017724)
29699,2008,219,Lightning,2008/08/06 00:00:00.000,0.5,35.92333333,-82.71555556,POINT (345224.268256278 3976804.769946775)
59320,1993,191,Lightning,1993/07/16 00:00:00.000,35.0,35.84666667,-81.87166667,POINT (421285.9953605685 3967292.421431697)
112856,1998,200,Lightning,1998/07/21 00:00:00.000,100.0,35.85166667,-81.86,POINT (422344.429856979 3967837.676004699)
59321,1993,191,Lightning,1993/07/16 00:00:00.000,12.0,35.85166667,-81.87166667,POINT (421290.9369435738 3967847.000891575)
74479,1994,116,Lightning,1994/04/26 00:00:00.000,0.4,35.89333333,-81.875,POINT (421031.2999816334 3972471.201851793)
126571,2000,165,Lightning,2000/06/14 00:00:00.000,30.0,35.89694444,-81.89277778,POINT (419430.4752660001 3972886.247778966)
28928,2008,168,Lightning,2008/06/16 00:00:00.000,0.5,35.90777778,-81.81416667,POINT (426534.9758980237 3974025.874991023)
59315,1993,163,Lightning,1993/06/13 00:00:00.000,2.0,35.91166667,-81.82833333,POINT (425260.2999586393 3974467.964295175)
59325,1993,242,Lightning,1993/09/01 00:00:00.000,16.0,35.92666667,-81.77333333,POINT (430236.1684162381 3976091.021245685)
74478,1994,116,Lightning,1994/04/26 00:00:00.000,0.2,35.93,-81.87166667,POINT (421368.4334947546 3976535.471059854)
121692,1999,228,Lightning,1999/08/17 00:00:00.000,12.0,35.93333333,-81.72166667,POINT (434902.6591942208 3976794.779210878)
74471,1994,71,Lightning,1994/03/13 00:00:00.000,13.0,35.93333333,-81.81,POINT (426934.4671074688 3976857.284957395)
112850,1998,181,Lightning,1998/07/03 00:00:00.000,2.0,35.935,-81.76166667,POINT (431295.8697734121 3977007.051529385)
1006063,1993,127,Lightning,,1.0,35.8783,-82.5283,POINT (362041.4654421819 3971528.758325694)
1620294,2012,80,Lightning,2012/03/20 00:00:00.000,8.2,35.87653333,-82.16066667,POINT (395226.7940932083 3970876.303104896)
1025710,1997,89,Lightning,,0.5,35.8917,-82.2583,POINT (386434.6770051039 3972667.655647569)
1033180,1999,113,Lightning,,0.1,35.855,-82.6083,POINT (354776.821271331 3969060.068336965)
1427918,2010,178,Lightning,2010/06/27 00:00:00.000,0.1,35.83705,-82.50951666,POINT (363666.5173905124 3966926.785131806)
1427917,2010,178,Lightning,2010/06/27 00:00:00.000,0.1,35.83123333,-82.53988333,POINT (360913.5599056741 3966324.319157599)
135388,2001,120,Lightning,2001/04/30 00:00:00.000,0.5,35.785,-82.20138889,POINT (391425.9976891532 3960767.911209185)
97510,1997,106,Lightning,1997/04/16 00:00:00.000,1.0,35.80833333,-82.225,POINT (389324.4414524167 3963382.444492099)
112855,1998,200,Lightning,1998/07/21 00:00:00.000,120.0,35.76333333,-82.07666667,POINT (402671.655457271 3958233.665040999)
5958,2005,195,Lightning,2005/07/14 00:00:00.000,0.1,35.78166667,-81.92916667,POINT (416025.0193330775 3960130.685107793)
112859,1998,203,Lightning,1998/07/22 00:00:00.000,0.5,35.795,-81.925,POINT (416415.5628498684 3961605.992464512)
112848,1998,174,Lightning,1998/06/27 00:00:00.000,2.0,35.795,-81.97166667,POINT (412198.5643093177 3961646.82005654)
112865,1998,252,Lightning,1998/09/09 00:00:00.000,2.0,35.79833333,-81.98,POINT (411449.2264864146 3962024.041877043)
112857,1998,202,Lightning,1998/07/22 00:00:00.000,0.5,35.8,-81.96833333,POINT (412505.2625221036 3962198.416726714)
19590,2007,159,Lightning,2007/06/28 00:00:00.000,820.0,35.80166667,-81.95694444,POINT (413536.1541199792 3962373.162046975)
31459,2008,198,Lightning,2008/07/16 00:00:00.000,1.5,35.815,-81.96388889,POINT (412923.233496853 3963858.195984214)
40424,2009,257,Lightning,2009/09/17 00:00:00.000,1.0,35.81611111,-81.95888889,POINT (413376.1490373155 3963977.000362876)
59324,1993,213,Lightning,1993/08/03 00:00:00.000,11.0,35.82833333,-81.93,POINT (415998.8595069484 3965307.462996751)
59317,1993,190,Lightning,1993/07/10 00:00:00.000,1.0,35.85666667,-81.97166667,POINT (412266.4657465536 3968486.668760594)
1180413,2010,212,Lightning,2010/08/01 00:00:00.000,0.8,35.8166667,-81.9572222,POINT (413527.3210231557 3964037.150797305)
1180411,2010,202,Lightning,2010/07/26 00:00:00.000,5.0,35.8286111,-81.98611109999999,POINT (410930.847366303 3965387.88528967)
1426925,2010,285,Lightning,2010/10/13 00:00:00.000,0.1,35.82893333,-81.98875,POINT (410692.845860569 3965426.030838409)
1181881,2010,286,Lightning,2010/10/13 00:00:00.000,0.1,35.8291667,-81.9888889,POINT (410680.5611009583 3965452.042228208)
25026,2007,159,Lightning,2007/07/25 00:00:00.000,5015.0,35.84,-81.89055556,POINT (419573.5006105594 3966568.344296707)
1796026,2015,198,Lightning,,1268.0,35.785,-81.99,POINT (410530.6726284623 3960554.249204275)
1180412,2010,208,Lightning,2010/07/28 00:00:00.000,0.1,35.790833299999996,-81.9933333,POINT (410235.9827802731 3961204.304717168)
1177130,2010,107,Lightning,2010/04/20 00:00:00.000,363.0,35.745,-82.39,POINT (374316.5901102991 3956556.536558575)
1011380,1994,117,Lightning,,1.0,35.7283,-82.0383,POINT (406098.9020660772 3954310.500214433)
28920,2008,159,Lightning,2008/06/07 00:00:00.000,0.1,35.71861111,-82.07527778,POINT (402742.8288825511 3953271.873337893)
25914,2007,237,Lightning,2007/09/07 00:00:00.000,45.0,35.71916667,-82.01916667,POINT (407818.8064952726 3953279.330919672)
10326,2006,201,Lightning,2006/07/20 00:00:00.000,1.0,35.75166667,-82.06916667,POINT (403335.5523831224 3956932.221079498)
112858,1998,202,Lightning,1998/07/23 00:00:00.000,0.5,35.67333333,-82.18166667,POINT (393059.2610155025 3948360.481146887)
25042,2007,231,Lightning,2007/08/19 00:00:00.000,0.1,35.67444444,-82.20777778,POINT (390697.6111576288 3948512.461966468)
25043,2007,239,Lightning,2007/08/27 00:00:00.000,2.0,35.67444444,-82.20777778,POINT (390697.6111576288 3948512.461966468)
28922,2008,159,Lightning,2008/06/08 00:00:00.000,1.0,35.68555556,-82.09805556,POINT (400641.5249515214 3949628.310344416)
19758,2007,200,Lightning,2007/07/21 00:00:00.000,5.0,35.72611111,-82.11583333,POINT (399083.9575084607 3954144.69958664)
7721,2006,118,Lightning,2006/04/28 00:00:00.000,1.0,35.73638889,-82.28694444,POINT (383622.8333365884 3955474.207321274)
28933,2008,182,Lightning,2008/07/04 00:00:00.000,95.0,35.75138889,-82.09361111,POINT (401125.0770728811 3956925.785745406)
112846,1998,170,Lightning,1998/06/21 00:00:00.000,30.0,35.75333333,-82.15166667,POINT (395878.5046923911 3957201.55725382)
112845,1998,167,Lightning,1998/06/16 00:00:00.000,2.0,35.76166667,-82.14333333,POINT (396642.7287310623 3958117.049878951)
1011152,1994,118,Lightning,,4.0,35.6517,-82.5083,POINT (363460.1695613903 3946365.661057619)
1796024,2015,212,Lightning,,305.0,35.64972222,-82.21972222,POINT (389582.564112825 3945783.716998377)
1029691,1998,201,Lightning,,0.1,35.6383,-81.9283,POINT (415952.959608164 3944228.5814849)
1033038,1999,230,Lightning,,4.0,35.6167,-82.7667,POINT (339996.3536642144 3942873.092099249)
1020901,1996,76,Lightning,,0.1,35.6083,-82.125,POINT (398105.2692518653 3941087.104974006)
1617274,2012,182,Lightning,2012/07/01 00:00:00.000,20.0,35.61271667,-82.29700000000001,POINT (382532.3481582893 3941768.739213472)
1025623,1997,197,Lightning,,0.2,35.615,-81.9317,POINT (415620.6386104655 3941647.232634737)
1006095,1993,92,Lightning,,1.0,35.625,-81.955,POINT (413521.1805086511 3942776.593033131)
533591,2009,112,Lightning,,0.2,35.63078,-82.49067,POINT (365021.0669266629 3944020.859698141)
1000957,1992,109,Lightning,,3.0,35.5883,-82.3883,POINT (374224.7063269314 3939173.356941788)
534997,2009,225,Lightning,,0.2,35.621829999999996,-81.95284000000001,POINT (413713.3764690056 3942423.102932774)
534998,2009,225,Lightning,,0.1,35.6225,-81.95184,POINT (413804.6555748613 3942496.537589757)
1033249,1999,144,Lightning,,2.0,35.5717,-82.095,POINT (400777.4145747892 3936997.011496117)
1045370,2001,139,Lightning,,0.7,35.5833,-81.95,POINT (413929.3133151801 3938147.167217142)
1011151,1994,117,Lightning,,0.1,35.5617,-82.3283,POINT (379621.0282389751 3936147.965895724)
1006110,1993,213,Lightning,,1.0,35.5683,-82.1417,POINT (396541.179300417 3936667.961487019)
1033246,1999,113,Lightning,,74.0,35.575,-82.1383,POINT (396857.8839641258 3937407.517779088)
1006096,1993,93,Lightning,,1.0,35.575,-82.255,POINT (386283.0941621087 3937536.025759645)
25039,2007,204,Lightning,2007/07/23 00:00:00.000,1.0,35.59916667,-82.29,POINT (383146.6602083949 3940257.484902428)
28989,2008,204,Lightning,2008/07/23 00:00:00.000,10.0,35.61138889,-82.27055556,POINT (384925.6145011846 3941590.211304951)
1618673,2012,210,Lightning,2012/07/28 00:00:00.000,0.1,35.53075,-82.10685,POINT (399652.5708552079 3932467.124919719)
1006107,1993,191,Lightning,,1.0,35.555,-82.145,POINT (396224.9792718504 3935196.280385152)
1006362,1993,179,Lightning,,5.0,35.7217,-81.585,POINT (447090.421770838 3953239.337558453)
1006361,1993,178,Lightning,,0.1,35.7217,-81.5883,POINT (446791.9541243913 3953241.121864545)
1617309,2012,75,Lightning,2012/03/15 00:00:00.000,1.0,35.68333333,-81.56666667,POINT (448724.0130699041 3948974.327182132)
1428816,2010,190,Lightning,2010/07/12 00:00:00.000,10.0,35.68333333,-81.6,POINT (445707.7443023577 3948992.240458438)
1033498,1999,160,Lightning,,3.0,35.665,-81.6117,POINT (444636.3721150617 3946965.40955048)
358813,2008,165,Lightning,2008/07/10 00:00:00.000,16.0,35.57387,-83.94784,POINT (232857.8470089055 3940686.052756017)
597662,2008,176,Lightning,,614.0,35.58818,-84.03395,POINT (225100.9255365204 3942511.121112937)
358796,2007,151,Lightning,2007/06/02 00:00:00.000,13.0,35.62842,-83.95089399999999,POINT (232762.6345113107 3946746.946743939)
1219714,2010,229,Lightning,2010/09/23 00:00:00.000,291.0,35.4914,-83.9842,POINT (229284.5963841112 3931634.929747827)
1458587,2011,158,Lightning,2011/06/18 00:00:00.000,749.0,35.49277778,-84.02055556,POINT (225990.2431779688 3931888.26263865)
1282653,2010,234,Lightning,2010/08/24 00:00:00.000,225.0,35.500483,-83.984183,POINT (229316.645009326 3932642.684464117)
1517691,2011,156,Lightning,2011/06/08 00:00:00.000,185.0,35.507833000000005,-84.00399999999999,POINT (227543.4404039852 3933512.821139204)
1282655,2010,244,Lightning,2010/09/07 00:00:00.000,215.0,35.5695,-84.050333,POINT (223551.782203362 3940484.350878875)
58647,1993,69,Lightning,1993/03/10 00:00:00.000,20.0,35.50833333,-84.03833333,POINT (224430.2389701732 3933663.822496824)
358799,2007,217,Lightning,2007/08/18 00:00:00.000,185.0,35.513237,-83.98190799999999,POINT (229565.8764209608 3934051.554905258)
358821,2009,103,Lightning,2009/04/16 00:00:00.000,26.5,35.5344,-83.9883,POINT (229057.2282322102 3936417.265232361)
246793,1999,231,Lightning,,523.0,35.543185,-83.983417,POINT (229529.6189143452 3937378.581453036)
358814,2008,185,Lightning,2008/07/15 00:00:00.000,35.0,35.55555,-83.97053000000001,POINT (230739.6627712202 3938715.209416904)
52058,1992,103,Lightning,1992/04/12 00:00:00.000,3.0,35.48,-84.045,POINT (223728.3008597801 3930538.717249462)
130188,1999,251,Lightning,1999/09/08 00:00:00.000,8.0,35.485,-84.03,POINT (225106.7089928644 3931051.567924394)
942433,2000,222,Lightning,,132.0,35.49,-84.0383,POINT (224370.5641702844 3931629.526537216)
58657,1993,191,Lightning,1993/07/11 00:00:00.000,40.0,35.37333333,-84.19666667,POINT (209579.8805175823 3919138.487824573)
112963,1998,125,Lightning,1998/05/05 00:00:00.000,0.1,35.35666667,-83.935,POINT (233304.8802120285 3916551.973901519)
30743,2008,152,Lightning,2008/05/31 00:00:00.000,1.0,35.34972222,-84.25222222,POINT (204444.6638734021 3916683.214102892)
163896,2003,112,Lightning,2003/04/22 00:00:00.000,1.0,35.35833333,-83.92333333,POINT (234370.7686257878 3916705.492609676)
934582,2002,228,Lightning,,40.0,35.3583,-84.2067,POINT (208613.9344441352 3917499.908025898)
1051646,2002,148,Lightning,,3.0,35.5833,-81.6,POINT (445640.053989952 3937897.563037752)
1030510,1998,181,Lightning,,0.1,35.5583,-81.625,POINT (443357.4326795639 3935138.932142285)
1426080,2010,201,Lightning,2010/07/26 00:00:00.000,25.0,35.55833333,-81.77985,POINT (429323.4445496234 3935242.68739419)
1426073,2010,195,Lightning,2010/07/17 00:00:00.000,0.3,35.55916666,-81.77985,POINT (429324.176160542 3935335.111871693)
1006893,1993,162,Lightning,,2.0,35.5617,-81.6417,POINT (441846.3790818978 3935525.751561247)
1428817,2010,203,Lightning,2010/07/22 00:00:00.000,0.3,35.56666666,-81.65,POINT (441097.8215851286 3936081.529661009)
1033505,1999,234,Lightning,,0.5,35.5833,-81.65,POINT (441109.9976196471 3937926.318230214)
1051658,2002,205,Lightning,,0.5,35.5833,-81.8,POINT (427519.7363677362 3938026.388430243)
1051668,2002,236,Lightning,,75.0,35.6167,-81.6333,POINT (442646.8740700588 3941620.832924433)
1051437,2002,182,Lightning,,0.1,35.4167,-81.7833,POINT (428886.0937437442 3919536.819429821)
1051436,2002,183,Lightning,,0.1,35.45,-81.7833,POINT (428915.3678167579 3923230.041833718)
938973,1999,111,Lightning,,1.0,35.3133,-84.2867,POINT (201176.0339769282 3912745.284337358)
25251,2007,135,Lightning,2007/05/16 00:00:00.000,0.5,35.32388889,-84.24222222,POINT (205259.8474090388 3913786.864975629)
25631,2007,177,Lightning,2007/06/27 00:00:00.000,0.1,35.31416667,-84.46638889,POINT (184835.7546172841 3913398.862641828)
25632,2007,185,Lightning,2007/07/04 00:00:00.000,1.0,35.33305556,-84.41388889,POINT (189683.2557588235 3915328.984737978)
1038584,2000,124,Lightning,,1.0,35.3,-83.95,POINT (231754.1155900958 3910305.287381557)
1458592,2011,164,Lightning,2011/06/13 00:00:00.000,2.0,35.32555556,-84.23527778,POINT (205897.4131363767 3913951.137990631)
1458588,2011,161,Lightning,2011/06/10 00:00:00.000,77.0,35.33611111,-84.19166667,POINT (209901.024132404 3914993.630220348)
1570014,2012,184,Lightning,2012/07/02 00:00:00.000,0.1,35.33583333,-84.21444444,POINT (207828.969988619 3915029.84188828)
1638001,2013,77,Lightning,2013/03/18 00:00:00.000,0.1,35.34305556,-84.22777778,POINT (206642.7754528282 3915870.689829413)
1458589,2011,163,Lightning,2011/06/13 00:00:00.000,87.0,35.44611111,-84.05638889,POINT (222578.1836445181 3926810.49299734)
127178,2000,124,Lightning,2000/05/03 00:00:00.000,2.0,35.30333333,-83.94166667,POINT (232523.0776959884 3910652.582721461)
153570,2002,218,Lightning,2002/08/07 00:00:00.000,83.0,35.30527778,-84.22194444,POINT (207036.6857411591 3911661.555129908)
58658,1993,207,Lightning,1993/07/27 00:00:00.000,1.5,35.31333333,-84.205,POINT (208606.8696043377 3912505.387339893)
1181908,2010,289,Lightning,2010/10/17 00:00:00.000,19.0,35.235555600000005,-84.54138890000002,POINT (177702.0926982687 3904916.674617414)
1458586,2011,157,Lightning,2011/06/07 00:00:00.000,1.0,35.31,-84.33277778,POINT (196972.7878596288 3912519.198911039)
943119,2000,193,Lightning,,0.1,35.2717,-84.525,POINT (179336.8785291625 3908874.513636905)
58619,1993,192,Lightning,1993/07/12 00:00:00.000,1.0,35.29,-84.34166667,POINT (196089.3932667889 3910327.152843815)
26698,2007,275,Lightning,2007/10/03 00:00:00.000,15.0,35.22277778,-84.41611111,POINT (189059.29234967 3903098.719795635)
25629,2007,169,Lightning,2007/06/18 00:00:00.000,0.1,35.22,-84.54472222,POINT (177336.9176956436 3903201.281732148)
935019,2002,117,Lightning,,11.0,35.2333,-84.3767,POINT (192687.7113629968 3904143.481418652)
130131,1999,114,Lightning,1999/04/24 00:00:00.000,8.5,35.23833333,-84.42166667,POINT (188612.950372503 3904842.304442835)
153619,2002,161,Lightning,2002/06/10 00:00:00.000,25.0,35.25083333,-84.50055556,POINT (181479.7017357027 3906480.070282447)
120148,1999,96,Lightning,1999/04/06 00:00:00.000,0.1,35.18527778,-84.035,POINT (223633.1731218113 3897810.068222858)
52675,1992,60,Lightning,1992/02/29 00:00:00.000,1.0,35.19166667,-84.225,POINT (206348.8083584316 3899064.329564901)
31448,2008,221,Lightning,2008/08/13 00:00:00.000,200.0,35.2175,-84.13444444,POINT (214687.6241140567 3901666.609446667)
112835,1998,98,Lightning,1998/04/12 00:00:00.000,5.0,35.24333333,-84.115,POINT (216548.12711548 3904477.224543627)
24950,2007,179,Lightning,2007/06/29 00:00:00.000,106.0,35.24888889,-84.21305556,POINT (207642.3560520011 3905378.38835187)
103921,1997,235,Lightning,1997/08/28 00:00:00.000,66.0,35.18833333,-84.425,POINT (188118.0042379386 3899304.429505654)
153618,2002,152,Lightning,2002/06/01 00:00:00.000,1.0,35.21111111,-84.3625,POINT (193897.1136250318 3901637.383596448)
82919,1995,80,Lightning,1995/03/21 00:00:00.000,12.0,35.21166667,-84.38166667,POINT (192153.7076345247 3901758.333719968)
58620,1993,200,Lightning,1993/07/20 00:00:00.000,4.0,35.215,-84.37666667,POINT (192621.6393706188 3902112.714191569)
1570010,2012,179,Lightning,2012/07/02 00:00:00.000,50.0,35.14416667,-84.55166667,POINT (176403.5637691395 3894808.546405246)
1459327,2011,122,Lightning,2011/05/03 00:00:00.000,15.0,35.16,-84.28416667,POINT (200843.2750868047 3895727.180462169)
1458596,2011,222,Lightning,2011/08/10 00:00:00.000,1.5,35.17833333,-84.34444444,POINT (195418.9165115976 3897944.686302076)
1458595,2011,222,Lightning,2011/08/10 00:00:00.000,0.1,35.17916667,-84.34416667,POINT (195447.3360054609 3898036.304606413)
1181098,2010,243,Lightning,2010/08/31 00:00:00.000,22.0,35.1988889,-84.43222220000001,POINT (187500.5704049471 3900498.465005698)
1181914,2010,294,Lightning,2010/10/21 00:00:00.000,1.5,35.2202778,-84.4541667,POINT (185584.3385704763 3902941.273635009)
26695,2007,244,Lightning,2007/09/03 00:00:00.000,15.0,35.17083333,-84.33194444,POINT (196529.82466869 3897074.194550365)
153620,2002,168,Lightning,2002/06/19 00:00:00.000,38.0,35.17416667,-84.41305556,POINT (189152.0872755995 3897694.947766124)
30475,2008,219,Lightning,2008/08/06 00:00:00.000,6.25,35.17722222,-84.55444444,POINT (176281.5857408551 3898485.821365201)
1677107,2013,252,Lightning,2013/09/09 00:00:00.000,0.1,35.14426667,-84.17478333,POINT (210754.8374350309 3893657.590863609)
1570563,2012,185,Lightning,2012/07/04 00:00:00.000,0.5,35.155,-84.16638889,POINT (211557.824912497 3894824.127853889)
74517,1994,223,Lightning,1994/08/13 00:00:00.000,0.5,35.13666667,-84.22666667,POINT (205998.8512580522 3892966.523609161)
18953,2007,134,Lightning,2007/05/14 00:00:00.000,60.0,35.14527778,-84.13,POINT (214839.8350149391 3893640.381395614)
83718,1995,199,Lightning,1995/07/19 00:00:00.000,3.0,35.16833333,-84.28666667,POINT (200646.0459299851 3896659.386673614)
135289,2001,120,Lightning,2001/05/01 00:00:00.000,6.0,35.18333333,-84.10166667,POINT (217553.7906307988 3897781.894235555)
1570001,2012,30,Lightning,2012/01/31 00:00:00.000,38.0,35.02638889,-84.68833333,POINT (163461.6689849246 3882191.690043906)
1180989,2010,180,Lightning,2010/06/29 00:00:00.000,1.0,35.0683333,-84.63472220000001,POINT (168525.4324416298 3886666.659458767)
1458597,2011,222,Lightning,2011/08/13 00:00:00.000,123.0,35.12138889,-84.62833333,POINT (169322.9968000852 3892533.185990713)
25628,2007,168,Lightning,2007/06/17 00:00:00.000,35.0,35.12083333,-84.38083333,POINT (191886.6535560474 3891676.453127068)
58644,1993,259,Lightning,1993/09/16 00:00:00.000,0.1,35.11666667,-84.62166667,POINT (169911.7731819629 3891986.987970016)
1569993,2012,140,Lightning,2012/05/20 00:00:00.000,0.25,35.08111111,-84.51888889,POINT (179143.7692140758 3887705.046346551)
1458590,2011,164,Lightning,2011/06/14 00:00:00.000,1.0,35.1175,-84.41916667,POINT (188379.014884659 3891426.023320761)
1058934,1994,223,Lightning,,1.0,35.1317,-84.235,POINT (205221.3510710105 3892440.105005233)
1458591,2011,164,Lightning,2011/06/14 00:00:00.000,3.0,35.13361111,-84.44166667,POINT (186389.4041815702 3893284.5601261)
1459405,2011,160,Lightning,2011/06/11 00:00:00.000,18.0,35.09555556,-84.13055556,POINT (214615.6137480741 3888125.056536097)
1570528,2012,187,Lightning,2012/07/10 00:00:00.000,3.0,35.11194444,-84.11583333,POINT (216015.0818527747 3889901.35161087)
26685,2007,237,Lightning,2007/08/26 00:00:00.000,12.0,35.06805556,-84.54055556,POINT (177115.8097758165 3886326.341121905)
153443,2000,129,Lightning,2000/05/08 00:00:00.000,27.0,35.07944444,-84.64722222,POINT (167430.1116169447 3887941.408660801)
514433,2006,214,Lightning,,5.0,35.06293998,-84.01360997,POINT (225170.4159485293 3884177.285281556)
940228,1999,110,Lightning,,2.0,35.0383,-84.3417,POINT (195147.1421763205 3882397.822844579)
30748,2008,190,Lightning,2008/07/08 00:00:00.000,5.0,35.035,-84.56916667,POINT (174374.0379962858 3882751.308969067)
932891,2001,109,Lightning,,0.3,35.055,-84.3483,POINT (194607.0667348201 3884271.100650046)
1857646,2015,228,Lightning,2015/08/16 00:00:00.000,0.1,35.058567,-83.965733,POINT (229523.51750376 3883561.069785211)
1569986,2012,186,Lightning,2012/07/04 00:00:00.000,0.3,35.04611111,-84.55222222,POINT (175964.560581092 3883929.061628795)
1458585,2011,151,Lightning,2011/06/04 00:00:00.000,8.0,35.04833333,-84.5675,POINT (174579.1268469265 3884225.47232502)
936415,1997,209,Lightning,,7.0,35.0233,-84.3867,POINT (190983.7623721619 3880871.977306424)
58641,1993,207,Lightning,1993/07/30 00:00:00.000,10.0,35.02166667,-84.55,POINT (176070.7541450032 3881209.237047949)
1569957,2012,149,Lightning,2012/05/29 00:00:00.000,42.0,34.96583333,-84.59388889,POINT (171841.0264279018 3875156.870867448)
1610981,2012,179,Lightning,2012/06/27 00:00:00.000,400.0,34.98671548,-84.60067344,POINT (171304.8367790045 3877496.521741091)
135298,2000,63,Lightning,2000/03/10 00:00:00.000,124.0,34.92444444,-84.60527778,POINT (170634.8679888843 3870601.403233966)
513900,2006,94,Lightning,,15.0,35.62343,-81.76685002,POINT (430557.8773220121 3942453.329337953)
10363,2006,94,Lightning,2006/04/06 00:00:00.000,15.0,35.35583333,-82.69833333,POINT (345690.6307840298 3913828.384129156)
1618277,2012,108,Lightning,2012/04/17 00:00:00.000,0.8,35.41133333,-82.36065,POINT (376459.1240771062 3919510.003800564)
1045479,2001,139,Lightning,,0.1,35.4333,-82.2333,POINT (388052.9521783196 3921794.682717401)
517419,2006,173,Lightning,,1.0,35.43312,-82.25841999,POINT (385772.4281221097 3921803.468937044)
1618282,2012,199,Lightning,2012/07/17 00:00:00.000,0.1,35.38555,-82.47165,POINT (366337.5604584167 3916794.608033746)
1011246,1994,120,Lightning,,3.0,35.375,-82.4583,POINT (367532.9119357439 3915606.495648689)
1459387,2011,100,Lightning,2011/04/11 00:00:00.000,3.0,35.375,-82.65277778,POINT (349865.6681919144 3915884.248114087)
1016591,1995,169,Lightning,,3.0,35.335,-82.3983,POINT (372920.8144168395 3911091.269218547)
1037888,2000,47,Lightning,,5.0,35.3333,-82.5,POINT (363674.6594290077 3911037.954144464)
515505,2006,110,Lightning,,0.1,35.26904998,-82.56387,POINT (357757.0239335716 3904001.414831204)
1006164,1993,195,Lightning,,2.0,35.2783,-82.225,POINT (388593.665781075 3904594.078830077)
1012249,1994,116,Lightning,,0.1,35.205,-82.775,POINT (338424.570240328 3897220.298329802)
1570517,2012,75,Lightning,2012/03/15 00:00:00.000,4.0,35.205,-82.78916667,POINT (337134.8596181615 3897243.431813704)
1030314,1998,205,Lightning,,0.5,35.165,-82.6383,POINT (350796.2300325015 3892569.933190782)
1006743,1993,190,Lightning,,1.0,35.185,-82.705,POINT (344759.1495458077 3894890.365710083)
910582,1999,214,Lightning,,15.1,35.0833,-82.5667,POINT (357174.9758660972 3883403.298583882)
583535,2008,183,Lightning,,4.0,35.08333,-82.6,POINT (354139.0352089817 3883454.860534285)
915296,2000,159,Lightning,,65.0,35.1167,-82.4667,POINT (366346.5161491863 3886968.960538916)
578999,2007,234,Lightning,,1.0,35.16547,-82.41235,POINT (371376.2873897585 3892306.453920047)
578146,2007,176,Lightning,,1.0,35.06969002,-82.50973998,POINT (362345.1765492359 3881813.652664231)
906747,1998,200,Lightning,,10.0,35.0386,-82.7075,POINT (344253.082193294 3878656.309734637)
1006745,1993,197,Lightning,,2.0,35.185,-82.6017,POINT (354165.507761867 3894733.916780174)
1021569,1996,127,Lightning,,0.1,35.3817,-83.1717,POINT (302737.7400073035 3917538.726624523)
7302,2006,93,Lightning,2006/04/03 00:00:00.000,1.0,35.36111111,-83.60972222,POINT (262882.1815301649 3916216.596813518)
521814,2005,131,Lightning,,0.1,35.39012,-83.55232,POINT (268181.9260481814 3919298.740494776)
1030279,1998,227,Lightning,,0.5,35.3217,-83.5183,POINT (271079.3303384533 3911629.081509425)
1006720,1993,127,Lightning,,0.2,35.3517,-83.4417,POINT (278126.000557501 3914782.758821784)
1052094,2002,155,Lightning,,0.5,35.3667,-83.5833,POINT (265299.6236882506 3916773.610233176)
8444,2006,144,Lightning,2006/05/25 00:00:00.000,0.25,35.30055556,-83.64222222,POINT (259749.2682580622 3909576.863002204)
27172,2008,106,Lightning,2008/04/21 00:00:00.000,47.0,35.23,-82.9125,POINT (325960.0473940508 3900225.633159119)
59342,1993,193,Lightning,1993/07/12 00:00:00.000,0.1,35.34833333,-82.77833333,POINT (338406.1825835594 3913124.144453495)
358651,2007,224,Lightning,2007/08/13 00:00:00.000,0.1,35.4069,-82.75439,POINT (340697.2964902457 3919581.561781366)
1570455,2012,184,Lightning,2012/07/03 00:00:00.000,0.1,35.30944444,-83.29055556,POINT (291754.3829669573 3909766.854845162)
1618428,2012,98,Lightning,2012/04/07 00:00:00.000,9.2,35.31101667,-83.23745,POINT (296587.2388086063 3909830.917211389)
1017479,1995,191,Lightning,,3.0,35.2917,-83.3917,POINT (282509.5870991107 3908015.726191712)
1017501,1995,192,Lightning,,3.0,35.3083,-83.6083,POINT (262857.0693050835 3910354.287505168)
1459382,2011,97,Lightning,2011/04/07 00:00:00.000,3.5,35.32,-83.57638889,POINT (265792.8022472051 3911576.338857145)
8445,2006,174,Lightning,2006/06/23 00:00:00.000,0.25,35.24555556,-83.48555556,POINT (273844.7177046373 3903106.678694327)
30832,2008,176,Lightning,2008/07/05 00:00:00.000,77.0,35.27166667,-83.49611111,POINT (272956.9817022628 3906027.464605162)
135290,2001,124,Lightning,2001/05/05 00:00:00.000,7.0,35.29833333,-83.46166667,POINT (276164.1192540462 3908907.411443591)
30853,2008,206,Lightning,2008/07/25 00:00:00.000,5.0,35.30638889,-83.29944444,POINT (290938.2399266533 3909446.620423493)
25913,2007,237,Lightning,2007/08/26 00:00:00.000,0.2,35.30694444,-83.57194444,POINT (266159.3087654251 3910117.460148041)
1033835,1999,265,Lightning,,0.3,35.25,-83.75,POINT (249791.2438414877 3904234.767982892)
1006705,1993,190,Lightning,,0.1,35.2683,-83.6783,POINT (256371.3140427737 3906086.46673827)
120133,1999,187,Lightning,1999/07/06 00:00:00.000,0.5,35.21694444,-83.80138889,POINT (245010.8551451318 3900698.281273847)
52683,1992,316,Lightning,1992/11/12 00:00:00.000,1.0,35.24,-83.71166667,POINT (253249.5612139927 3903029.30434535)
18959,2007,169,Lightning,2007/06/18 00:00:00.000,2.0,35.2425,-83.69916667,POINT (254394.8384311063 3903275.638547413)
52626,1992,315,Lightning,1992/11/10 00:00:00.000,0.1,35.255,-83.70166667,POINT (254205.0663264294 3904668.609552787)
83730,1995,80,Lightning,1995/03/22 00:00:00.000,8.0,35.26666667,-83.6,POINT (263490.7049439655 3905715.654149673)
120129,1999,265,Lightning,1999/09/23 00:00:00.000,0.5,35.265,-83.75638889,POINT (249256.0505584342 3905915.066823786)
120130,1999,265,Lightning,1999/09/23 00:00:00.000,0.5,35.26583333,-83.75583333,POINT (249309.171436466 3906006.114873921)
120118,1999,111,Lightning,1999/04/22 00:00:00.000,40.0,35.27472222,-83.85194444,POINT (240592.1845462597 3907239.611124821)
11243,2006,203,Lightning,2006/07/22 00:00:00.000,0.5,35.27972222,-83.71916667,POINT (252687.7476500618 3907454.88598397)
164911,2004,129,Lightning,2004/05/09 00:00:00.000,5.0,35.285,-83.74,POINT (250808.6290354847 3908092.613643555)
1012152,1994,119,Lightning,,1.0,35.2717,-83.1083,POINT (308237.6916530411 3905212.106274993)
1033933,1999,233,Lightning,,3.0,35.3,-83.0833,POINT (310577.8922229668 3908303.253807466)
1459402,2011,156,Lightning,2011/06/06 00:00:00.000,1.5,35.25138889,-83.26833333,POINT (293627.7300351486 3903280.233440949)
1006678,1993,191,Lightning,,0.2,35.265,-83.1683,POINT (302763.2271688428 3904586.574173995)
1033968,1999,98,Lightning,,2.5,35.2317,-83.405,POINT (281138.5180411965 3901388.967525394)
30858,2008,233,Lightning,2008/08/22 00:00:00.000,1.0,35.23527778,-83.31277778,POINT (289541.8032473393 3901586.377243581)
120119,1999,111,Lightning,1999/04/22 00:00:00.000,25.0,35.16861111,-83.23472222,POINT (296479.581440342 3894028.410570322)
1570503,2012,185,Lightning,2012/07/03 00:00:00.000,0.1,35.20888889,-83.30972222,POINT (289751.806172548 3898652.563930226)
1030225,1998,248,Lightning,,0.3,35.155,-83.055,POINT (312818.5137386611 3892165.481937593)
1638847,2013,103,Lightning,2013/04/19 00:00:00.000,53.0,35.205,-82.95944444,POINT (321632.7770943763 3897535.891919612)
1459400,2011,152,Lightning,2011/06/02 00:00:00.000,0.5,35.15666667,-83.22416667,POINT (297411.4239110805 3892681.883327735)
1030223,1998,248,Lightning,,0.3,35.175,-83.2183,POINT (297991.2522442855 3894703.616019875)
1033970,1999,111,Lightning,,18.0,35.175,-83.2517,POINT (294949.1655290746 3894772.011660338)
163913,2003,119,Lightning,2003/04/30 00:00:00.000,5.0,35.12888889,-83.89444444,POINT (236253.7812843195 3891171.810171278)
24940,2007,176,Lightning,2007/06/26 00:00:00.000,25.0,35.17138889,-83.79916667,POINT (245070.7557618758 3895638.435100128)
1638128,2013,107,Lightning,2013/04/17 00:00:00.000,1.3,35.17916667,-83.73083333,POINT (251319.4238092502 3896328.141447581)
1459401,2011,153,Lightning,2011/06/03 00:00:00.000,0.5,35.14888889,-83.20611111,POINT (299037.1584667146 3891782.481819285)
1030234,1998,257,Lightning,,0.1,35.155,-83.1417,POINT (304920.1436951018 3892332.111962068)
1026069,1997,186,Lightning,,0.1,35.155,-83.1517,POINT (304009.1340510902 3892351.774574154)
1176702,2010,109,Lightning,2010/04/20 00:00:00.000,76.0,35.082222200000004,-83.35972220000001,POINT (284866.2521559604 3884708.330782638)
30856,2008,219,Lightning,2008/08/07 00:00:00.000,7.0,35.02638889,-83.18277778,POINT (300865.3120155955 3878147.231978762)
25910,2007,236,Lightning,2007/08/25 00:00:00.000,5.0,35.06833333,-83.11833333,POINT (306844.3367279657 3882673.101878686)
74488,1994,118,Lightning,1994/04/29 00:00:00.000,18.0,35.095,-83.10833333,POINT (307818.8929707749 3885611.723698257)
27546,2008,153,Lightning,2008/06/02 00:00:00.000,0.5,35.11611111,-83.27083333,POINT (293057.364363839 3888279.198383935)
30838,2008,176,Lightning,2008/07/05 00:00:00.000,440.0,35.13111111,-83.27027778,POINT (293145.953970822 3889941.965396434)
1051944,2002,96,Lightning,,2.0,35.05,-83.7,POINT (253739.2200925509 3881921.610905328)
28022,2008,175,Lightning,2008/06/23 00:00:00.000,15.0,35.05138889,-83.73361111,POINT (250677.060437011 3882159.259737419)
112869,1998,256,Lightning,1998/09/13 00:00:00.000,3.0,35.06833333,-83.74,POINT (250145.8799613695 3884055.090486731)
83717,1995,197,Lightning,1995/07/16 00:00:00.000,0.2,35.09,-83.7,POINT (253859.4632955508 3886359.196733919)
104096,1998,50,Lightning,1998/02/22 00:00:00.000,10.0,35.09,-83.88666667,POINT (236837.579346403 3886836.637636298)
59333,1993,189,Lightning,1993/07/08 00:00:00.000,0.1,35.08166667,-83.31166667,POINT (289246.8233239131 3884543.978644775)
1033976,1999,235,Lightning,,0.7,35.0333,-83.1667,POINT (302348.9766993094 3878881.865303872)
926287,2002,230,Lightning,,0.1,34.9833,-82.7833,POINT (337228.7899010525 3872643.689383277)
910551,1999,234,Lightning,,0.5,34.9833,-82.9,POINT (326575.6572555243 3872840.081222324)
579018,2007,238,Lightning,,1.0,34.98332,-82.90029,POINT (326549.2260705945 3872842.803114065)
910555,1999,266,Lightning,,8.0,34.9944,-82.9614,POINT (320994.7459265737 3874179.606374931)
575349,2006,163,Lightning,,25.0,34.99675,-82.91443998,POINT (325286.0601228365 3874357.086948616)
583383,2008,181,Lightning,,8.0,35.00219,-82.80083,POINT (335666.3302587324 3874767.578942165)
583124,2008,173,Lightning,,1.0,35.01,-82.95666999999999,POINT (321460.3912737154 3875901.466393819)
578132,2007,159,Lightning,,205.0,35.01152002,-82.95806997,POINT (321335.938585535 3876072.570085095)
575359,2006,175,Lightning,,1.5,35.01175002,-82.95900999999999,POINT (321250.654704325 3876099.764478887)
135168,2001,105,Lightning,2001/04/15 00:00:00.000,1.0,35.02194444,-83.68333333,POINT (255175.9868419348 3878768.112421193)
1588385,2012,117,Lightning,2012/04/26 00:00:00.000,0.1,34.977715,-82.80088,POINT (335612.8227670114 3872053.018409342)
1475628,2011,160,Lightning,2011/06/10 00:00:00.000,0.1,35.009056,-82.822266,POINT (333723.8738284301 3875564.618158436)
1589562,2012,190,Lightning,2012/07/08 00:00:00.000,1.0,35.049999,-82.699997,POINT (344959.0721637151 3879908.927369664)
1589555,2012,190,Lightning,2012/07/08 00:00:00.000,0.2,35.066666,-82.666664,POINT (348030.2593001348 3881706.20821502)
1475617,2011,156,Lightning,2011/06/06 00:00:00.000,5.0,34.995529,-82.92421,POINT (324391.7122793344 3874238.795349143)
1006744,1993,193,Lightning,,0.2,35.0583,-82.9017,POINT (326578.9790835872 3881161.854572815)
1857613,2015,138,Lightning,2015/05/18 00:00:00.000,0.1,34.9912,-83.7585,POINT (248221.7976941838 3875544.404053593)
1176856,2010,106,Lightning,2010/04/16 00:00:00.000,1.2,35.0505556,-83.36916670000001,POINT (283921.5389469405 3881215.996473189)
121540,1999,112,Lightning,1999/04/24 00:00:00.000,45.0,34.94166667,-83.59166667,POINT (263310.4286105984 3869641.336075889)
154465,2002,220,Lightning,2002/08/09 00:00:00.000,14.9,34.92111111,-83.54944444,POINT (267109.2179059837 3867261.871000335)
28368,2008,203,Lightning,2008/07/22 00:00:00.000,107.2,34.94222222,-83.31277778,POINT (288787.0702763675 3869078.100727765)
58590,1993,195,Lightning,1993/07/14 00:00:00.000,1.0,34.95166667,-83.49666667,POINT (272016.1556134742 3870529.806389646)
58595,1993,211,Lightning,1993/07/31 00:00:00.000,2.0,34.96166667,-83.50166667,POINT (271587.2480312024 3871650.545396766)
27699,2008,170,Lightning,2008/06/22 00:00:00.000,54.2,34.99111111,-83.48888889,POINT (272835.5547640927 3874887.733684135)
137933,2001,167,Lightning,2001/06/17 00:00:00.000,12.0,34.9,-83.16666667,POINT (302031.4200488824 3864095.760767495)
112679,1998,250,Lightning,1998/09/07 00:00:00.000,5.0,34.90833333,-83.09166667,POINT (308904.5745366535 3864874.304506449)
59398,1993,106,Lightning,1993/04/17 00:00:00.000,5.0,34.93333333,-83.06666667,POINT (311246.2124865233 3867599.840774868)
99229,1997,88,Lightning,1997/03/30 00:00:00.000,27.0,34.93833333,-83.06833333,POINT (311105.439390248 3868157.588423723)
58589,1993,189,Lightning,1993/07/14 00:00:00.000,1050.0,34.94166667,-83.14,POINT (304567.2164017581 3868665.069748676)
152123,2002,159,Lightning,2002/06/09 00:00:00.000,1.0,34.96666667,-83.05,POINT (312844.4622335786 3871265.838794939)
32479,2008,179,Lightning,2008/06/30 00:00:00.000,150.0,34.96944444,-82.99416667,POINT (317948.6579251391 3871470.790304836)
96738,1997,143,Lightning,1997/05/24 00:00:00.000,17.2,34.99,-83.16166667,POINT (302704.1860621808 3874068.911178192)
15460,2006,170,Lightning,2006/06/19 00:00:00.000,3.0,35.01388889,-83.05,POINT (312951.9756431347 3876503.752149816)
583149,2008,179,Lightning,,1.0,34.94384,-82.86104,POINT (330050.7098997541 3868396.394380745)
926274,2002,204,Lightning,,0.5,34.95,-82.8333,POINT (332596.742553638 3869032.830757297)
590445,2005,91,Lightning,,3.0,34.95861001,-82.87889001,POINT (328451.2412697605 3870065.110650598)
27779,2008,170,Lightning,2008/06/18 00:00:00.000,0.1,34.88083333,-83.73527778,POINT (250006.9412539809 3863242.118715342)
27729,2008,179,Lightning,2008/06/28 00:00:00.000,0.2,34.87444444,-83.46416667,POINT (274773.5519457147 3861889.858570986)
583566,2008,190,Lightning,,0.1,34.85,-83.18333,POINT (300387.7326499573 3858582.749969389)
32500,2008,190,Lightning,2008/07/08 00:00:00.000,0.2,34.86416667,-83.19666667,POINT (299202.6606630435 3860180.795769345)
910483,1999,264,Lightning,,0.1,34.8672,-83.1181,POINT (306392.7187829937 3860362.574260783)
125529,1999,226,Lightning,1999/08/14 00:00:00.000,3.0,34.86722222,-83.1175,POINT (306447.6232649839 3860363.879309495)
579032,2007,244,Lightning,,8.0,34.8693,-83.15331,POINT (303178.7919832178 3860664.13389575)
1793580,2015,202,Lightning,2015/07/21 00:00:00.000,0.1,34.70638889,-83.25722222,POINT (293272.738407206 3842802.750238189)
1805367,2015,89,Lightning,2015/03/30 00:00:00.000,0.5,34.866028,-83.122917,POINT (305949.5904539066 3860241.897183535)
1458551,2011,205,Lightning,2011/07/25 00:00:00.000,3.0,34.90694444,-83.20833333,POINT (298240.6792075908 3864949.276614145)
1063115,2009,198,Lightning,2009/07/18 00:00:00.000,7.3,34.94722222,-83.15638889,POINT (303083.5684157857 3869313.465008548)
154460,2002,212,Lightning,2002/08/01 00:00:00.000,0.3,34.84416667,-83.60416667,POINT (261887.1519619236 3858854.931843932)
121487,1999,111,Lightning,1999/04/21 00:00:00.000,17.0,34.84222222,-83.7375,POINT (249686.7156651588 3858964.236932312)
108064,1998,252,Lightning,1998/09/14 00:00:00.000,15.5,34.85,-83.48333333,POINT (272954.1033226803 3859221.518981531)
1793427,2015,138,Lightning,2015/05/18 00:00:00.000,0.4,34.76694444,-83.37555556,POINT (282591.839211093 3849769.534233646)
1569950,2012,215,Lightning,2012/08/02 00:00:00.000,0.5,34.83333333,-83.44972222,POINT (275982.5666407851 3857297.048109089)
1613448,2012,214,Lightning,2012/08/01 00:00:00.000,0.5,34.84972222,-83.44972222,POINT (276027.0017157154 3859115.047665312)
1063114,2009,198,Lightning,2009/07/17 00:00:00.000,0.1,34.8875,-83.38972222,POINT (281613.7845718088 3863173.15140372)
910420,1999,233,Lightning,,20.0,34.7728,-83.1931,POINT (299307.1442102781 3850039.134498535)
125531,1999,234,Lightning,1999/08/22 00:00:00.000,1.0,34.8,-83.2,POINT (298741.7343062145 3853070.002366999)
83748,1995,77,Lightning,1995/03/18 00:00:00.000,1.0,34.81166667,-83.12666667,POINT (305478.8733451171 3854219.409106273)
27876,2008,176,Lightning,2008/06/24 00:00:00.000,12.2,34.72416667,-83.47083333,POINT (273753.5559466669 3845234.748259461)
154507,2002,115,Lightning,2002/04/25 00:00:00.000,5.0,34.7275,-83.49361111,POINT (271676.5754537127 3845656.023447386)
121530,1999,266,Lightning,1999/09/23 00:00:00.000,3.0,34.73583333,-83.42527778,POINT (277957.0516419645 3846427.280931731)
135310,2000,135,Lightning,2000/05/15 00:00:00.000,22.0,34.74638889,-83.385,POINT (281673.1782690947 3847509.88877131)
575358,2006,173,Lightning,,0.2,34.75009001,-83.28909997,POINT (290463.0622163661 3847716.186818478)
8261,2006,174,Lightning,2006/06/23 00:00:00.000,0.25,34.74777778,-83.41083333,POINT (279311.5596046958 3847720.406443154)
121514,1999,267,Lightning,1999/09/24 00:00:00.000,3.0,34.75277778,-83.51666667,POINT (269635.2847797277 3848512.695851279)
12659,2006,144,Lightning,2006/05/28 00:00:00.000,7.5,34.76305556,-83.32,POINT (287667.2469783823 3849219.270239338)
28731,2008,206,Lightning,2008/08/09 00:00:00.000,92.4,34.76888889,-83.45944444,POINT (274918.0734139995 3850170.099232746)
21902,2007,249,Lightning,2007/09/20 00:00:00.000,350.0,34.72055556,-83.78166667,POINT (245272.9680430371 3845578.002303161)
27877,2008,174,Lightning,2008/06/22 00:00:00.000,0.1,34.73555556,-83.71861111,POINT (251093.7531840757 3847084.006749047)
121492,1999,153,Lightning,1999/06/04 00:00:00.000,133.0,34.74888889,-83.72888889,POINT (250192.6841370024 3848588.66679164)
1569946,2012,185,Lightning,2012/07/08 00:00:00.000,1.5,34.91638889,-84.72277778,POINT (159862.0394900909 3870101.154591232)
26966,2008,88,Lightning,2008/03/29 00:00:00.000,0.1,34.88861111,-84.5125,POINT (178974.7720853455 3866323.161412148)
164238,2004,163,Lightning,2004/06/11 00:00:00.000,3.5,34.89611111,-84.70444444,POINT (161454.5341754672 3867788.566491083)
135329,2000,305,Lightning,2000/11/02 00:00:00.000,595.0,34.90333333,-84.60027778,POINT (171007.4925055539 3868242.21623178)
82908,1995,217,Lightning,1995/08/05 00:00:00.000,0.1,34.9,-84.72,POINT (160048.2877401682 3868272.93209279)
7367,2006,99,Lightning,2006/04/09 00:00:00.000,22.4,34.90833333,-84.46305556,POINT (183571.4505580934 3868354.026426045)
1458545,2011,185,Lightning,2011/07/07 00:00:00.000,19.0,34.91,-84.72722222,POINT (159429.3315234844 3869407.28036416)
436778,2006,99,Lightning,,22.15,34.90941945,-84.03927839,POINT (222310.2528875907 3867215.336459696)
1458542,2011,143,Lightning,2011/05/23 00:00:00.000,10.0,34.89166667,-84.06833333,POINT (219594.303085298 3865326.747429912)
1237491,2000,42,Lightning,2000/02/11 00:00:00.000,1.16,34.8927,-84.4072,POINT (188618.1355352495 3866443.921626086)
449271,2007,166,Lightning,,2.01,34.84843336,-84.72279874,POINT (159579.4947618388 3862559.820784256)
82909,1995,231,Lightning,1995/08/19 00:00:00.000,1.0,34.85,-84.68,POINT (163501.3812518281 3862588.936808151)
96736,1997,135,Lightning,1997/05/16 00:00:00.000,20.0,34.86333333,-84.52833333,POINT (177428.1519159687 3863569.09996946)
165235,2004,130,Lightning,2004/05/09 00:00:00.000,0.1,34.86138889,-84.65027778,POINT (166266.546290763 3863753.257015084)
448952,2007,238,Lightning,,0.93,34.87123215,-84.34889797,POINT (193868.7351196269 3863881.864722947)
448998,2007,116,Lightning,,0.1,34.88157799,-84.38538601,POINT (190570.7561817715 3865142.099509217)
19038,2007,165,Lightning,2007/06/14 00:00:00.000,0.1,34.86722222,-83.925,POINT (232617.9191628431 3862222.400913956)
455991,2008,181,Lightning,,0.25,34.84192087,-84.3538257,POINT (193309.1678303826 3860644.574426416)
7417,2006,100,Lightning,2006/04/10 00:00:00.000,0.58,34.83027778,-83.97055556,POINT (228330.7322484344 3858246.208447284)
1805381,2015,91,Lightning,2015/04/02 00:00:00.000,41.88,34.79361111,-84.61361111,POINT (169349.1469415962 3856110.252351567)
1237624,2000,41,Lightning,2000/02/10 00:00:00.000,0.32,34.7899,-84.4278,POINT (186344.3849768008 3855101.293772153)
449261,2007,132,Lightning,,40.0,34.77382519,-84.63963192,POINT (166887.4065872054 3854000.743034952)
1793428,2015,91,Lightning,2015/04/02 00:00:00.000,90.0,34.79,-84.60916667,POINT (169741.5864388483 3855694.875510062)
96023,1996,105,Lightning,1996/04/14 00:00:00.000,0.3,34.75,-84.08333333,POINT (217739.581420817 3849651.091955483)
82874,1995,131,Lightning,1995/05/11 00:00:00.000,2.0,34.75,-84.25,POINT (202476.6372357757 3850132.41588308)
449200,2007,167,Lightning,,4.54,34.75935133,-84.3586641,POINT (192559.6720530519 3851497.533017729)
449195,2007,132,Lightning,,2.86,34.76055770000001,-84.47277154,POINT (182114.8764263016 3851986.983501479)
18756,2007,132,Lightning,2007/05/16 00:00:00.000,965.0,34.75694444,-84.6375,POINT (167014.7137522248 3852120.395522255)
424774,2005,97,Lightning,,8.73,34.67210641,-84.70196409,POINT (160763.745540975 3842921.552873443)
432049,2004,69,Lightning,,0.51,34.67873682,-84.54398331,POINT (175273.2305981309 3843135.597775736)
874073,1999,266,Lightning,,0.1,34.6869,-84.3236,POINT (195504.6674726681 3843351.66719085)
96032,1996,280,Lightning,1996/10/06 00:00:00.000,0.1,34.66666667,-84.2,POINT (206761.267908401 3840739.339476998)
145468,2001,49,Lightning,2001/02/18 00:00:00.000,4.0,34.66944444,-84.2425,POINT (202875.1548520249 3841172.265681187)
58569,1993,214,Lightning,1993/08/03 00:00:00.000,2.5,34.68666667,-83.95,POINT (229743.1009127698 3842257.931132168)
104777,1998,201,Lightning,1998/07/20 00:00:00.000,9.0,34.69666667,-83.95166667,POINT (229622.9237963092 3843371.839474694)
456072,2008,103,Lightning,,2.28,34.66949446,-84.65417506,POINT (165134.5727088301 3842471.479491505)
449274,2007,180,Lightning,,28.07,34.66928353,-84.68843207,POINT (161992.8985824365 3842562.711115789)
121524,1999,113,Lightning,1999/04/23 00:00:00.000,0.2,34.63333333,-84.2,POINT (206643.7043360386 3837040.958653676)
875804,1999,111,Lightning,,60.2,34.5669,-84.3028,POINT (196974.4191523788 3829974.244492663)
456094,2008,102,Lightning,,0.02,34.56875885,-84.66178225,POINT (164030.6808920428 3831318.202882833)
121523,1999,111,Lightning,1999/04/21 00:00:00.000,75.0,34.58333333,-84.41666667,POINT (186584.7819116862 3832145.789614971)
449202,2007,186,Lightning,,16.22,34.55304771,-84.6647388,POINT (163695.9367296211 3829584.602894928)
1391923,1994,63,Lightning,1994/03/04 00:00:00.000,1.43,34.5328,-84.531,POINT (175895.8896429908 3826899.959847088)
874127,1999,104,Lightning,,0.1,34.5156,-84.4064,POINT (187273.251689764 3824598.326808523)
1420679,1992,201,Lightning,1992/07/19 00:00:00.000,0.01,34.5156,-84.3857,POINT (189174.4280288307 3824534.399320231)
7776,2006,143,Lightning,2006/05/23 00:00:00.000,1.3,34.66,-83.3825,POINT (281675.0873002415 3837921.79005626)
58607,1993,213,Lightning,1993/08/01 00:00:00.000,10.0,34.66333333,-83.35166667,POINT (284509.7623534359 3838225.097531962)
96028,1996,184,Lightning,1996/07/02 00:00:00.000,4.0,34.67666667,-83.38833333,POINT (281184.2902106709 3839783.19718572)
83750,1995,93,Lightning,1995/04/03 00:00:00.000,5.0,34.68333333,-83.27166667,POINT (291891.8565660807 3840275.181473049)
52702,1992,104,Lightning,1992/04/13 00:00:00.000,1.0,34.68666667,-83.33333333,POINT (286250.0321527623 3840774.207048405)
15469,2006,173,Lightning,2006/06/22 00:00:00.000,10.0,34.70055556,-83.26388889,POINT (292647.4970821119 3842169.434154605)
97451,1997,173,Lightning,1997/06/22 00:00:00.000,2.0,34.72,-83.5,POINT (271070.764860231 3844838.594491288)
1260509,2002,1,Lightning,2002/01/01 00:00:00.000,8.5,34.6868,-83.7831,POINT (245038.0336093681 3841836.890706195)
121493,1999,232,Lightning,1999/08/20 00:00:00.000,3.0,34.66722222,-83.80055556,POINT (243378.0169592236 3839709.374433736)
27728,2008,178,Lightning,2008/06/26 00:00:00.000,93.6,34.68333333,-83.81111111,POINT (242460.4403931878 3841523.675816612)
1412306,1994,117,Lightning,1994/04/27 00:00:00.000,0.15,34.4814,-84.6759,POINT (162381.7512062225 3821671.165565643)
460673,2009,333,Lightning,,0.01,34.46062494,-84.52700618,POINT (175983.0693622153 3818878.385472624)
1261918,2002,211,Lightning,2002/07/30 00:00:00.000,0.24,34.44412081,-84.56080394,POINT (172812.244696071 3817155.882478109)
874050,1999,232,Lightning,,0.3,34.4128,-84.2817,POINT (198355.913296483 3812813.237688912)
449407,2007,133,Lightning,,158.82001,34.42261125,-84.35037827,POINT (192076.6423000962 3814108.637820142)
1805792,2015,138,Lightning,2015/05/18 00:00:00.000,1.2,34.38393333,-84.62482778,POINT (166687.4088617578 3810686.128755793)
1612132,2012,187,Lightning,2012/07/05 00:00:00.000,0.5,34.38466111,-84.65636111,POINT (163789.3207091453 3810871.128344158)
1490617,2011,268,Lightning,2011/09/25 00:00:00.000,1.5,34.39798434,-84.30058508,POINT (196565.7899773581 3811225.841844698)
1418741,1993,210,Lightning,1993/07/31 00:00:00.000,0.03,34.3956,-84.4061,POINT (186852.4453952077 3811282.522430388)
448896,2007,164,Lightning,,14.3,34.36093766,-84.64040472,POINT (165162.7078673229 3808185.759513946)
449417,2007,165,Lightning,,0.1,34.38699429,-84.49982573,POINT (178198.7179337099 3810621.474203257)
1609558,2012,127,Lightning,2012/05/06 00:00:00.000,5.86,34.366743799999995,-84.62735832,POINT (166386.3312869814 3808787.008297199)
1378762,1992,103,Lightning,1992/04/12 00:00:00.000,8.16,34.3614,-84.5717,POINT (171486.8600394523 3808012.178911567)
1488959,2011,233,Lightning,2011/08/22 00:00:00.000,0.11,34.36926047,-84.38467546,POINT (188725.3874340829 3808293.960360683)
1486988,2011,217,Lightning,2011/08/05 00:00:00.000,11.0,34.37161913,-84.32698058,POINT (194042.1321166892 3808379.94730133)
1488963,2011,315,Lightning,2011/11/11 00:00:00.000,0.2,34.37108549,-84.3857059,POINT (188637.3449622449 3808499.622077902)
1486989,2011,224,Lightning,2011/08/12 00:00:00.000,7.0,34.31663828,-84.63403971,POINT (165572.3248322752 3803249.027195162)
1204226,2010,207,Lightning,,45.0,34.30369884,-84.56541678,POINT (171840.038130626 3801589.150122731)
1486985,2011,172,Lightning,2011/06/21 00:00:00.000,8.0,34.31202786,-84.62873657,POINT (166042.3030506958 3802719.960330707)
1486983,2011,156,Lightning,2011/06/05 00:00:00.000,0.2,34.28475351,-84.42164013,POINT (185008.2826071455 3799031.540943957)
1612130,2012,185,Lightning,2012/07/03 00:00:00.000,103.0,34.27351944,-84.6657,POINT (162484.5659633511 3798569.099120274)
1260897,2002,241,Lightning,2002/08/29 00:00:00.000,38.0,34.27392876,-84.71125967,POINT (158289.2202758914 3798766.887523205)
1260895,2002,240,Lightning,2002/08/28 00:00:00.000,6.0,34.27392876,-84.71125967,POINT (158289.2202758914 3798766.887523205)
455834,2008,143,Lightning,,25.0,34.27467957,-84.70036826,POINT (159295.5852737678 3798813.606895983)
448615,2007,231,Lightning,,1.0,34.22857404,-84.74505188,POINT (154990.788673663 3793848.109041017)
448619,2007,233,Lightning,,20.0,34.23400095,-84.74599269,POINT (154926.2526097219 3794453.525548236)
874266,1999,210,Lightning,,16.3,34.1558,-84.6328,POINT (165048.9594644576 3785397.575076408)
