"","SiteNumbers","Species","Age","BT_coeff","DBH","Dead"
"1",1,3,49,0.052,31.6928786123943,1
"2",1,3,227,0.052,82.7608912184029,0
"3",1,3,36,0.052,24.4337201824074,0
"4",1,1,10,0.028,6.29577379954719,1
"5",1,2,89,0.049,60.2623634785986,0
"6",1,3,218,0.052,69.9332388718941,0
"7",1,1,80,0.028,42.3534020508768,1
"8",1,3,17,0.052,12.3684110232767,1
"9",1,1,129,0.028,41.1765580275628,1
"10",1,1,26,0.028,16.4710648937462,0
"11",1,3,11,0.052,11.9495766744153,1
"12",1,1,5,0.028,3.29184317823257,1
"13",1,1,46,0.028,27.9903939973194,1
"14",1,2,32,0.049,28.3695272935266,1
"15",1,3,45,0.052,43.7168296563419,1
"16",1,1,155,0.028,47.6577962301321,1
"17",1,2,104,0.049,47.3421075054443,0
"18",1,2,249,0.049,58.517605708155,1
"19",1,3,39,0.052,30.0211109045088,0
"20",2,3,58,0.052,38.2537017782141,0
"21",2,3,50,0.052,37.8752130386422,0
"22",2,1,60,0.028,34.3597062243544,0
"23",2,1,21,0.028,8.70707624740652,1
"24",2,3,8,0.052,7.34277106607598,1
"25",2,3,119,0.052,62.4559845965662,0
"26",2,2,74,0.049,48.4150002322936,0
"27",2,2,11,0.049,8.00481877831679,1
"28",2,1,19,0.028,7.32944310155773,1
"29",2,3,130,0.052,42.3175415017428,1
"30",2,3,36,0.052,36.4846150003637,0
"31",2,1,193,0.028,53.3492578179294,0
"32",2,1,44,0.028,21.416413518809,0
"33",2,1,63,0.028,19.7784951496629,1
"34",2,3,35,0.052,37.0681112744991,0
"35",2,2,37,0.049,26.6686143359558,1
"36",2,3,460,0.052,73.917511016913,1
"37",3,1,39,0.028,10.2840839879907,0
"38",3,3,11,0.052,8.48779062362472,1
"39",3,1,16,0.028,11.0604939160672,0
"40",3,2,124,0.049,51.1629814609078,1
"41",3,2,27,0.049,17.3020285379037,0
"42",3,2,86,0.049,49.9181215160668,0
"43",3,2,73,0.049,32.8285605535191,1
"44",3,2,53,0.049,36.8233532342747,1
"45",3,3,109,0.052,55.5190400915632,1
"46",3,3,133,0.052,52.7469043486853,1
"47",3,3,105,0.052,48.1716859455483,0
"48",3,2,56,0.049,34.8038696488738,1
"49",3,1,9,0.028,4.68091452714992,1
"50",3,2,212,0.049,60.676611249266,0
"51",3,2,9,0.049,5.25811185902303,0
"52",3,2,255,0.049,82.8621223723831,1
"53",3,2,62,0.049,47.5027876597668,0
"54",3,1,127,0.028,60.6965978321206,0
"55",3,1,31,0.028,12.068434315699,1
"56",3,2,11,0.049,11.9148430111961,1
"57",4,3,57,0.052,38.0921778949701,0
"58",4,3,21,0.052,14.1727162091534,1
"59",4,1,18,0.028,13.1429138470516,1
"60",4,3,112,0.052,46.6711990785314,1
"61",4,3,51,0.052,31.1090223476949,1
"62",4,2,49,0.049,23.727987000225,1
"63",4,3,22,0.052,28.6454579482366,0
"64",4,2,82,0.049,37.0298085400869,1
"65",4,3,51,0.052,33.3739618307801,1
"66",4,3,96,0.052,63.1702038604031,0
"67",4,2,42,0.049,38.3209537372587,1
"68",4,2,39,0.049,34.4988610164805,0
"69",4,3,20,0.052,25.3046357715326,1
"70",4,3,10,0.052,11.471724974786,1
"71",4,3,59,0.052,40.9213182102827,1
"72",4,3,33,0.052,44.7363785994999,1
"73",4,3,27,0.052,27.6042770279833,1
"74",4,3,20,0.052,14.0267782361217,1
"75",4,3,19,0.052,13.8065223310048,1
"76",4,3,15,0.052,11.7712077876883,0
"77",4,2,95,0.049,43.038814960454,0
"78",4,3,104,0.052,55.8392950129018,0
"79",4,2,27,0.049,19.9012799636378,1
"80",4,1,59,0.028,30.726505223554,0
"81",4,1,30,0.028,9.91111267572182,1
"82",4,1,100,0.028,41.6030565359641,1
"83",4,3,92,0.052,51.0806577027027,0
"84",4,1,13,0.028,9.99430240112572,1
"85",5,1,273,0.028,49.141367854627,0
"86",5,2,44,0.049,34.0159514765074,0
"87",5,2,183,0.049,59.5111533101314,1
"88",5,3,149,0.052,53.0344122857627,1
"89",5,1,205,0.028,47.6661137323597,1
"90",5,1,32,0.028,20.2766467155759,1
"91",5,2,24,0.049,19.6999384143039,1
"92",5,2,86,0.049,37.1615933156687,1
"93",5,3,27,0.052,22.7816726781685,1
"94",5,1,45,0.028,21.1863340088866,0
"95",5,2,50,0.049,32.1144363740519,0
"96",5,3,425,0.052,92.2335676671674,0
"97",5,2,12,0.049,11.3370167025796,1
"98",5,2,25,0.049,19.2589747088623,1
"99",5,3,155,0.052,51.2615098338785,0
"100",5,1,73,0.028,28.6514749318427,1
"101",5,1,3,0.028,3.57342966591409,1
"102",5,2,20,0.049,10.7788311492197,1
"103",5,2,53,0.049,29.0526780126579,1
"104",6,2,151,0.049,56.4395869473333,0
"105",6,1,60,0.028,41.3334121320086,1
"106",6,2,26,0.049,14.3687072434427,1
"107",6,3,16,0.052,9.16538922166666,1
"108",6,2,135,0.049,48.7154896082329,1
"109",6,1,154,0.028,52.6779466606769,1
"110",6,1,24,0.028,8.68554710780517,1
"111",6,1,136,0.028,35.3826240097762,1
"112",6,2,38,0.049,28.66203460903,1
"113",6,3,61,0.052,45.3879569922115,1
"114",6,3,170,0.052,63.8119598090776,0
"115",6,2,202,0.049,84.7133965053214,0
"116",6,1,23,0.028,14.1916900614279,1
"117",6,3,372,0.052,100.843410732255,0
"118",6,3,53,0.052,29.4680516503562,0
"119",6,2,173,0.049,58.4485150462043,1
"120",6,3,36,0.052,29.8975739515891,1
"121",6,2,48,0.049,27.7385742808279,1
"122",6,1,319,0.028,75.4171294761571,1
"123",6,1,84,0.028,50.7593642667111,1
"124",6,1,60,0.028,38.7632740542615,1
"125",6,1,300,0.028,56.3386281003805,1
"126",7,1,44,0.028,25.0289137399141,1
"127",7,1,13,0.028,12.746394826945,1
"128",7,3,59,0.052,44.1333614335543,1
"129",7,1,79,0.028,37.3993034934892,1
"130",7,3,39,0.052,19.6767613937665,1
"131",7,2,219,0.049,64.8940085797096,1
"132",7,3,8,0.052,10.5687897035356,1
"133",7,3,34,0.052,26.1307420887922,1
"134",7,2,53,0.049,34.342563640744,1
"135",7,1,40,0.028,24.1351374236446,1
"136",7,2,216,0.049,53.0762498925848,1
"137",7,3,11,0.052,14.6913051297031,1
"138",7,2,25,0.049,15.9265513965534,1
"139",7,2,19,0.049,13.0611091005573,1
"140",7,2,267,0.049,71.2720938931579,1
"141",7,3,200,0.052,84.5807526171748,0
"142",7,1,97,0.028,25.2319738141813,1
"143",7,1,78,0.028,50.9730172848519,1
"144",7,2,12,0.049,10.771824876892,1
"145",7,2,22,0.049,18.3779403941714,1
"146",8,2,13,0.049,18.4238943853301,1
"147",8,2,22,0.049,14.0649647368826,1
"148",8,1,33,0.028,21.0583653046474,1
"149",8,2,67,0.049,31.7013168138226,0
"150",8,2,46,0.049,39.6830678159602,1
"151",8,1,31,0.028,19.4299682644575,1
"152",8,3,78,0.052,53.2271009268774,0
"153",8,2,71,0.049,37.9501782830859,1
"154",8,2,57,0.049,29.2722931800056,0
"155",8,3,136,0.052,58.7724350180641,0
"156",8,3,25,0.052,22.584790947282,1
"157",8,2,61,0.049,37.5923400459537,0
"158",8,2,33,0.049,24.4609166949019,1
"159",8,1,69,0.028,32.7775225331587,0
"160",8,1,26,0.028,9.43412538350629,1
"161",8,2,51,0.049,38.8541872869339,0
"162",8,3,14,0.052,8.52495479781477,0
"163",9,3,22,0.052,17.0099566406126,1
"164",9,1,49,0.028,41.8588724604606,1
"165",9,2,215,0.049,73.9680650324075,0
"166",9,3,304,0.052,87.9480577319202,0
"167",9,1,254,0.028,57.550761847149,1
"168",9,3,11,0.052,27.1628771995685,1
"169",9,1,38,0.028,16.0363935948787,1
"170",9,3,7,0.052,5.10042282259664,0
"171",9,3,36,0.052,33.2729169713171,1
"172",9,2,9,0.049,13.5293179995086,1
"173",9,1,22,0.028,6.53605632965014,1
"174",9,3,27,0.052,18.0558807682654,0
"175",9,2,181,0.049,51.7825798586209,0
"176",9,3,93,0.052,58.9046846779093,1
"177",9,2,38,0.049,15.7154558657807,1
"178",9,2,13,0.049,14.0141014865434,1
"179",9,3,21,0.052,13.3308196906728,1
"180",9,3,52,0.052,41.717952061246,0
"181",9,1,129,0.028,48.1012435252971,0
"182",10,2,59,0.049,36.6721815983858,1
"183",10,3,31,0.052,18.7549604566791,1
"184",10,1,40,0.028,19.9865468007491,1
"185",10,3,66,0.052,52.1804713459468,1
"186",10,2,166,0.049,51.8053234912115,1
"187",10,1,65,0.028,25.2331341433267,1
"188",10,3,53,0.052,29.5815692001794,1
"189",10,3,33,0.052,30.6311672896582,1
"190",10,1,73,0.028,20.0398975650196,1
"191",10,2,204,0.049,58.5297974489782,1
"192",10,2,212,0.049,48.4227464744962,1
"193",10,2,51,0.049,30.3850371080485,1
"194",10,2,17,0.049,15.8200373161762,1
"195",10,1,45,0.028,31.1166383372063,1
"196",10,3,12,0.052,8.92665060511389,1
"197",10,1,67,0.028,38.7558624457774,1
"198",10,2,89,0.049,32.4496791619963,1
"199",10,1,31,0.028,23.6962100343465,1
"200",10,3,38,0.052,32.2924426229925,1
"201",10,3,56,0.052,41.5905739520766,1
"202",10,1,42,0.028,34.9999482894049,1
"203",10,2,14,0.049,8.95418958027964,1
"204",10,1,181,0.028,40.3782563785728,1
"205",11,3,99,0.052,47.8866603225686,0
"206",11,3,64,0.052,49.2938176153214,1
"207",11,2,191,0.049,85.8461991014284,0
"208",11,1,80,0.028,29.9448403371355,1
"209",11,1,13,0.028,6.13054324730336,0
"210",11,3,31,0.052,17.1525390348127,1
"211",11,2,253,0.049,49.2899760174643,1
"212",11,1,30,0.028,25.2484044262501,0
"213",11,1,218,0.028,58.4923665819044,0
"214",11,2,131,0.049,67.7283398560379,0
"215",11,1,157,0.028,37.5586963051393,0
"216",11,2,31,0.049,24.4896007748773,0
"217",11,2,21,0.049,13.4486921849352,0
"218",11,3,208,0.052,72.0004462423993,0
"219",11,1,166,0.028,36.1651513464023,0
"220",11,2,120,0.049,56.4817861628337,0
"221",11,1,44,0.028,35.9169669731307,1
"222",11,2,169,0.049,68.9679236979696,0
"223",11,3,67,0.052,32.7591904521868,0
"224",11,2,62,0.049,41.5946721477208,0
"225",11,2,52,0.049,31.1932747565109,0
"226",11,1,273,0.028,56.5075151090821,1
"227",11,1,134,0.028,39.7364472659417,0
"228",11,3,27,0.052,21.6074754493279,0
"229",11,1,583,0.028,81.0233203615297,0
"230",11,3,29,0.052,26.0426065748976,0
"231",12,1,14,0.028,8.38210021362312,1
"232",12,3,112,0.052,48.9879842865556,0
"233",12,1,63,0.028,27.2173125974353,1
"234",12,3,44,0.052,24.8488356071219,1
"235",12,3,70,0.052,45.5068901068219,1
"236",12,1,12,0.028,7.62428669985131,1
"237",12,3,17,0.052,20.1483877816216,1
"238",12,1,45,0.028,26.3414165458705,1
"239",12,3,46,0.052,26.8895973822621,1
"240",12,3,39,0.052,33.8390090216618,0
"241",12,1,102,0.028,19.4234293721395,1
"242",12,3,31,0.052,22.7256083287227,0
"243",12,2,42,0.049,30.6043860277905,1
"244",12,1,17,0.028,12.4581742748086,1
"245",12,3,137,0.052,58.0603214224292,0
"246",12,3,221,0.052,83.2164503311148,0
"247",12,3,39,0.052,33.5656268449673,0
"248",12,1,45,0.028,21.509668469013,0
"249",12,3,434,0.052,76.5393635327219,0
"250",12,1,33,0.028,23.3138080483152,0
"251",12,3,102,0.052,62.7079046218452,0
"252",12,1,67,0.028,31.859376513787,0
"253",12,2,93,0.049,43.3558736160185,1
"254",12,1,102,0.028,47.0151467411115,1
"255",13,2,50,0.049,44.0855273646373,1
"256",13,3,15,0.052,14.1271698500283,1
"257",13,3,37,0.052,22.1162048788443,0
"258",13,3,47,0.052,37.7458087513166,0
"259",13,3,57,0.052,33.6056467959346,1
"260",13,2,53,0.049,41.0296026801999,1
"261",13,1,16,0.028,12.3890700435732,0
"262",13,2,31,0.049,20.7263456460317,1
"263",13,2,27,0.049,29.1772931123087,0
"264",13,2,75,0.049,31.2727364091655,1
"265",13,3,68,0.052,60.3974475162647,0
"266",13,1,143,0.028,37.594979092049,1
"267",13,2,5,0.049,6.2885884585942,1
"268",13,1,31,0.028,27.5153559779427,0
"269",13,3,57,0.052,35.3668054480272,0
"270",13,2,59,0.049,28.9996567384905,0
"271",13,3,116,0.052,46.9888974849002,1
"272",13,2,10,0.049,11.6443027765934,1
"273",14,2,282,0.049,84.1591315593412,0
"274",14,1,126,0.028,45.8552579546375,1
"275",14,1,9,0.028,5.73760386182568,1
"276",14,1,12,0.028,5.12817792979414,1
"277",14,1,14,0.028,10.34396541743,1
"278",14,2,17,0.049,8.66991752135211,1
"279",14,2,69,0.049,44.0985965788215,1
"280",14,1,184,0.028,35.8409826434005,1
"281",14,3,16,0.052,10.1544384193405,1
"282",14,3,81,0.052,49.8079802086238,0
"283",14,2,68,0.049,49.2223655250459,1
"284",14,1,125,0.028,28.5065936904943,1
"285",14,3,12,0.052,9.34303975260285,1
"286",14,1,48,0.028,13.1114563135819,1
"287",14,1,44,0.028,30.6212198202921,1
"288",14,3,7,0.052,4.78934897649348,1
"289",14,2,27,0.049,14.6808349752812,1
"290",14,2,395,0.049,65.6761911992346,0
"291",14,2,37,0.049,35.9973141428529,0
"292",14,3,210,0.052,70.9730988191678,1
"293",15,3,38,0.052,33.2693154963251,1
"294",15,3,201,0.052,64.989620588957,0
"295",15,2,55,0.049,33.3949959437465,0
"296",15,1,126,0.028,22.2119016427367,1
"297",15,2,54,0.049,30.7268021335631,1
"298",15,3,45,0.052,27.7599603833725,1
"299",15,1,78,0.028,32.5793837893362,1
"300",15,2,71,0.049,38.7397638614581,1
"301",15,1,46,0.028,25.0656944061874,1
"302",15,1,5,0.028,3.09420364680467,1
"303",15,3,121,0.052,67.405482887726,1
"304",15,3,248,0.052,73.9000276557387,0
"305",15,2,237,0.049,53.0913167988519,0
"306",15,2,74,0.049,52.5432298136048,1
"307",16,2,107,0.049,38.2796378720692,1
"308",16,3,66,0.052,51.0955001553934,1
"309",16,2,127,0.049,44.3433549221258,1
"310",16,1,80,0.028,46.8415626417375,1
"311",16,2,33,0.049,20.6877077663758,1
"312",16,2,55,0.049,28.9694752145422,1
"313",16,3,8,0.052,9.34740374793697,1
"314",16,3,38,0.052,28.0863098759035,0
"315",16,3,47,0.052,29.56239533428,0
"316",16,1,59,0.028,28.8820454888945,1
"317",16,3,26,0.052,11.9370561378237,1
"318",16,2,131,0.049,51.6045170372911,1
"319",16,2,202,0.049,81.6086979975755,1
"320",16,2,27,0.049,45.2287412617505,1
"321",16,2,142,0.049,61.1028144186503,0
"322",16,3,29,0.052,32.9994778598739,0
"323",16,3,80,0.052,42.9295008800703,1
"324",16,1,120,0.028,56.3216927681485,1
"325",16,2,138,0.049,67.8326439287942,0
"326",17,1,10,0.028,5.25397212095871,1
"327",17,2,160,0.049,81.153688454899,0
"328",17,1,91,0.028,34.7339969138325,1
"329",17,1,38,0.028,23.8077868441487,1
"330",17,2,17,0.049,13.3547367535126,0
"331",17,3,79,0.052,50.0095763456237,0
"332",17,2,11,0.049,7.24810652678325,1
"333",17,1,12,0.028,9.07105138240889,0
"334",17,1,25,0.028,9.47772307750613,0
"335",17,3,13,0.052,13.4815845955222,1
"336",17,2,37,0.049,29.9405417159013,1
"337",17,1,65,0.028,24.5535767535663,1
"338",17,3,93,0.052,46.4387831651793,0
"339",17,3,9,0.052,5.98488907907817,0
"340",17,2,92,0.049,43.6102679650891,0
"341",17,2,69,0.049,42.8891619978144,0
"342",17,1,51,0.028,20.6408007515592,0
"343",17,1,13,0.028,11.0165772902763,1
"344",17,3,171,0.052,66.2155876076085,0
"345",17,3,28,0.052,25.1048362414948,1
"346",17,1,71,0.028,39.849900089313,0
"347",17,2,57,0.049,40.7802018394868,0
"348",17,2,18,0.049,10.5061650654147,0
"349",18,3,9,0.052,8.53353699498016,0
"350",18,3,162,0.052,60.4925081046535,0
"351",18,1,50,0.028,33.8559119593706,1
"352",18,1,43,0.028,28.7257065257863,1
"353",18,3,17,0.052,22.7428314515023,1
"354",18,3,54,0.052,39.2001037432902,1
"355",18,2,22,0.049,13.9538664586412,1
"356",18,1,118,0.028,31.5568202338631,0
"357",18,2,56,0.049,53.9898795311715,0
"358",18,1,17,0.028,10.3525940214539,1
"359",18,3,50,0.052,42.6798285980247,1
"360",18,2,40,0.049,22.8603997909472,1
"361",18,3,43,0.052,30.7523393542049,1
"362",18,2,369,0.049,75.8799302175431,0
"363",18,2,211,0.049,56.56278231186,0
"364",18,2,28,0.049,20.5740254852031,1
"365",18,1,91,0.028,45.6764121041859,0
"366",18,1,33,0.028,11.974798079578,1
"367",18,3,60,0.052,45.2366893174538,0
"368",18,1,61,0.028,22.3235504562092,0
"369",18,1,25,0.028,21.9608276038116,1
"370",18,1,172,0.028,33.7254193171335,0
"371",18,1,62,0.028,29.1090009057912,1
"372",19,1,46,0.028,15.2130703436636,1
"373",19,3,51,0.052,27.3228736715307,0
"374",19,3,15,0.052,11.6075614838474,0
"375",19,1,15,0.028,10.7776200795935,1
"376",19,2,92,0.049,42.3666692521073,0
"377",19,2,176,0.049,79.5960272340801,0
"378",19,3,187,0.052,84.4745185721034,0
"379",19,1,245,0.028,29.8089043436354,1
"380",19,1,42,0.028,19.3230805001342,1
"381",19,2,105,0.049,50.0640413602442,1
"382",19,1,56,0.028,18.7698610013011,1
"383",19,1,76,0.028,30.8016114366847,1
"384",19,1,116,0.028,30.1896820295921,0
"385",19,1,37,0.028,25.4138735640019,1
"386",19,1,52,0.028,39.5517722640908,1
"387",19,3,67,0.052,51.3446389860387,0
"388",19,1,10,0.028,6.89801686773449,1
"389",19,1,3,0.028,2.04254292234119,1
"390",19,2,87,0.049,40.8080655616699,0
"391",19,2,79,0.049,39.9874399036392,1
"392",19,2,155,0.049,53.2880477981483,1
"393",19,2,24,0.049,15.7382833172141,0
"394",19,3,43,0.052,32.570218601573,0
"395",19,1,194,0.028,56.4501086428929,0
"396",20,3,41,0.052,31.5944694542032,1
"397",20,3,122,0.052,65.4412348251373,0
"398",20,3,31,0.052,31.6165458339732,1
"399",20,1,135,0.028,55.0816881381771,1
"400",20,1,17,0.028,15.5934545388263,1
"401",20,3,110,0.052,59.425607952941,0
"402",20,1,63,0.028,27.0826083646444,1
"403",20,1,17,0.028,6.08879820179957,1
"404",20,1,122,0.028,62.5794684336185,0
"405",20,3,12,0.052,8.95340761229776,0
"406",20,2,104,0.049,65.6990585149782,1
"407",20,2,130,0.049,26.3168833128808,1
"408",20,1,34,0.028,31.864210739565,1
"409",20,1,8,0.028,5.72739494101538,1
"410",20,1,34,0.028,19.9582936534506,1
"411",20,1,323,0.028,90.9066394748656,1
"412",20,1,126,0.028,46.9792909294977,0
"413",20,2,24,0.049,14.1898302902464,1
"414",21,2,98,0.049,36.4719851501064,1
"415",21,2,44,0.049,32.008570742385,1
"416",21,1,29,0.028,19.8615052387291,0
"417",21,3,24,0.052,18.7175202215979,1
"418",21,2,39,0.049,35.2857174763748,1
"419",21,1,55,0.028,22.1678717029901,1
"420",21,3,60,0.052,37.0951408566538,1
"421",21,2,16,0.049,22.747927066327,0
"422",21,2,10,0.049,5.65251358833681,1
"423",21,2,17,0.049,9.52849749085703,1
"424",21,3,13,0.052,12.9117087971246,0
"425",21,3,30,0.052,18.6188087174951,0
"426",21,1,14,0.028,6.03828845997643,0
"427",21,3,100,0.052,41.2582237152339,1
"428",21,3,10,0.052,9.69447962094137,1
"429",21,3,130,0.052,62.6009552524133,0
"430",21,1,32,0.028,18.5852609157022,0
"431",22,3,52,0.052,25.3551240038739,1
"432",22,3,77,0.052,45.5610671952533,1
"433",22,1,17,0.028,11.4582324546264,0
"434",22,3,184,0.052,57.6122327253097,0
"435",22,2,34,0.049,21.3508819691313,1
"436",22,3,74,0.052,35.5134680263335,0
"437",22,2,191,0.049,68.0350001533576,1
"438",22,1,62,0.028,32.6428045430775,0
"439",22,1,28,0.028,20.2164833263266,1
"440",22,2,28,0.049,16.9523107068875,1
"441",22,3,275,0.052,82.9579949077043,0
"442",22,2,42,0.049,27.3104713443003,1
"443",22,3,144,0.052,61.7748958666294,1
"444",22,1,100,0.028,42.4797350219707,1
"445",22,3,82,0.052,39.6342663647049,0
"446",22,3,115,0.052,52.7645223469826,0
"447",22,2,84,0.049,37.7867099602326,0
"448",22,3,89,0.052,53.5924900772185,1
"449",23,2,58,0.049,42.1556766979582,0
"450",23,2,40,0.049,29.4722819589948,0
"451",23,3,29,0.052,21.94424057157,0
"452",23,2,3,0.049,2.88407353003355,1
"453",23,2,88,0.049,46.3974279420682,1
"454",23,1,50,0.028,20.4044739283572,1
"455",23,2,23,0.049,17.2748269780135,0
"456",23,1,66,0.028,29.455584132113,1
"457",23,2,15,0.049,12.5085966589168,1
"458",23,1,18,0.028,15.8700821412212,0
"459",23,2,170,0.049,40.5612847935228,1
"460",23,1,70,0.028,35.4537465922962,1
"461",23,3,146,0.052,83.13435828543,0
"462",23,1,38,0.028,25.0410840683804,0
"463",23,3,18,0.052,13.8791741934015,0
"464",23,3,199,0.052,99.8247985298517,0
"465",23,2,40,0.049,30.4451336953791,1
"466",23,2,22,0.049,17.4215883957045,0
"467",23,2,98,0.049,49.7041092794847,1
"468",24,3,100,0.052,52.0348803355065,1
"469",24,1,43,0.028,16.0366675051362,1
"470",24,1,66,0.028,39.0556087122125,1
"471",24,3,11,0.052,10.45194239032,1
"472",24,2,15,0.049,15.344545131597,1
"473",24,3,76,0.052,46.4086805132306,1
"474",24,3,72,0.052,48.5203506749423,0
"475",24,1,31,0.028,17.0492296234806,1
"476",24,2,94,0.049,33.8658776847021,1
"477",24,2,56,0.049,36.6841660827447,1
"478",24,2,36,0.049,24.8296710061107,1
"479",24,3,33,0.052,21.6511885037736,1
"480",24,3,18,0.052,17.8378564017397,1
"481",24,3,43,0.052,35.8275396366254,1
"482",24,2,22,0.049,13.3980979618527,1
"483",24,2,184,0.049,87.9008777227239,1
"484",24,3,86,0.052,54.6569504071227,1
"485",24,2,65,0.049,52.1606252411017,1
"486",24,1,44,0.028,21.069968679536,1
"487",24,2,105,0.049,31.5361192288777,1
"488",24,1,11,0.028,4.46098848560549,1
"489",25,1,119,0.028,30.4329743481438,1
"490",25,3,255,0.052,63.959109944281,0
"491",25,2,73,0.049,43.4021319487276,1
"492",25,1,170,0.028,52.5365646068445,0
"493",25,2,24,0.049,13.9654796880281,1
"494",25,3,31,0.052,18.6180867636312,1
"495",25,2,13,0.049,9.23465397357343,0
"496",25,3,57,0.052,42.1580660656973,1
"497",25,3,79,0.052,57.1144441307309,0
"498",25,2,36,0.049,32.8516681097377,1
"499",25,1,251,0.028,43.2248666949529,1
"500",25,1,106,0.028,39.333222712727,1
"501",25,3,137,0.052,59.3933211396571,0
"502",25,2,39,0.049,18.0920197488598,1
"503",25,1,106,0.028,38.9293478590954,1
"504",25,1,172,0.028,55.6213238706034,0
"505",25,2,249,0.049,58.4807035683285,0
"506",25,1,48,0.028,30.5022054616182,1
"507",25,1,84,0.028,17.0833244706988,0
"508",25,2,117,0.049,43.4758599462488,1
"509",25,3,88,0.052,53.2613970960714,1
"510",25,2,217,0.049,68.9010140248969,1
"511",25,2,9,0.049,4.70171902316214,1
"512",25,1,75,0.028,31.1021120648979,1
"513",25,3,162,0.052,53.7643523467129,0
"514",26,1,360,0.028,52.6921342900861,1
"515",26,3,143,0.052,51.5774381625422,1
"516",26,1,38,0.028,23.5378205434727,1
"517",26,2,20,0.049,10.1222244552254,1
"518",26,1,200,0.028,65.1583292943427,0
"519",26,1,46,0.028,24.8962351650355,1
"520",26,1,99,0.028,43.1408074980418,1
"521",26,2,313,0.049,83.4500515584492,1
"522",26,2,259,0.049,77.112161457988,0
"523",26,2,235,0.049,71.7415296867356,0
"524",26,3,39,0.052,26.3056345310163,1
"525",26,1,90,0.028,52.3397998918975,1
"526",26,1,166,0.028,40.2034379548948,1
"527",27,3,21,0.052,14.8970595929186,1
"528",27,1,22,0.028,5.77949816975845,1
"529",27,1,18,0.028,15.7068711868211,1
"530",27,3,188,0.052,61.8669961514114,1
"531",27,2,90,0.049,61.4305543558337,0
"532",27,1,10,0.028,11.3221777881282,1
"533",27,3,144,0.052,49.476799624155,1
"534",27,3,34,0.052,23.3859346149068,0
"535",27,1,49,0.028,13.6950188466424,1
"536",27,3,110,0.052,44.965279241189,1
"537",27,2,105,0.049,56.9512131253398,1
"538",27,2,4,0.049,3.8041043871044,1
"539",27,3,25,0.052,15.9533393996748,1
"540",27,3,23,0.052,15.424777283023,1
"541",27,2,57,0.049,41.5564532075732,1
"542",27,2,47,0.049,20.6037032289292,1
"543",27,3,60,0.052,27.8465735545037,1
"544",27,3,45,0.052,30.8989144603761,0
"545",27,2,38,0.049,20.7703553651056,0
"546",27,2,68,0.049,34.0940395440497,1
"547",27,3,48,0.052,44.0346002453117,0
"548",28,3,74,0.052,43.6730270708709,0
"549",28,3,174,0.052,70.3520844028529,0
"550",28,3,889,0.052,101.369114625529,0
"551",28,2,27,0.049,23.8589345255616,0
"552",28,1,207,0.028,49.6131590911729,1
"553",28,1,117,0.028,40.6900853615415,1
"554",28,1,109,0.028,35.1131801821249,0
"555",28,1,21,0.028,13.770512621429,1
"556",28,1,78,0.028,30.0555947742193,0
"557",28,1,36,0.028,15.9238648164909,1
"558",28,1,26,0.028,9.54758560829515,1
"559",28,1,292,0.028,68.504733606807,1
"560",28,3,56,0.052,27.9833981258878,1
"561",28,3,25,0.052,19.6105771783049,0
"562",28,1,34,0.028,27.0115587004935,1
"563",28,2,25,0.049,12.5780685797079,0
"564",28,2,74,0.049,41.6360366138112,1
"565",28,3,39,0.052,30.964064692411,0
"566",28,2,33,0.049,27.4128788799062,1
"567",28,2,90,0.049,38.3419019113067,1
"568",28,2,5,0.049,2.69745370458666,1
"569",28,3,30,0.052,20.8591872172233,0
"570",29,1,114,0.028,37.6732046225831,0
"571",29,1,18,0.028,9.06043900206824,1
"572",29,1,14,0.028,18.405091517832,1
"573",29,1,75,0.028,38.9417831929033,1
"574",29,3,113,0.052,61.8161144704846,0
"575",29,1,83,0.028,31.2026475797247,1
"576",29,2,128,0.049,50.6975743636082,0
"577",29,2,12,0.049,9.76815820557134,1
"578",29,3,112,0.052,41.4003166108885,1
"579",29,3,11,0.052,6.79835101381166,0
"580",29,3,34,0.052,19.784626390261,0
"581",29,1,60,0.028,19.5378915009065,1
"582",29,3,18,0.052,22.0714236454918,1
"583",29,3,18,0.052,21.5798860524741,1
"584",29,2,49,0.049,24.3443331750355,1
"585",29,3,189,0.052,70.5146875924136,0
"586",30,3,114,0.052,44.7131604406078,1
"587",30,3,76,0.052,49.3704198612593,1
"588",30,3,69,0.052,59.9963806508948,0
"589",30,3,22,0.052,16.6703919602764,1
"590",30,3,71,0.052,62.4322174069619,1
"591",30,3,266,0.052,61.5540931002628,1
"592",30,2,17,0.049,10.2454157273179,1
"593",30,3,61,0.052,32.03343736506,1
"594",30,2,6,0.049,6.82804897364235,1
"595",30,1,125,0.028,39.7583418865754,1
"596",30,1,166,0.028,59.5514307317182,1
"597",30,1,35,0.028,14.9246902397838,1
"598",30,2,8,0.049,7.33238239212426,1
"599",30,1,21,0.028,17.6333288254039,1
"600",30,1,79,0.028,30.3017363829531,1
"601",31,2,42,0.049,29.7966399724589,0
"602",31,3,39,0.052,46.7956266839304,1
"603",31,1,229,0.028,60.0520297468358,0
"604",31,2,216,0.049,48.2593272671194,1
"605",31,3,69,0.052,35.5864325951434,1
"606",31,1,143,0.028,31.1929640805699,0
"607",31,3,18,0.052,16.9140231682543,1
"608",31,1,60,0.028,27.0967474738906,1
"609",31,3,113,0.052,63.3891416251638,0
"610",31,3,40,0.052,37.7221847444526,1
"611",31,2,33,0.049,33.6969116423463,0
"612",31,3,69,0.052,39.858352594256,0
"613",31,2,135,0.049,45.3161180213634,0
"614",31,3,80,0.052,38.5979783732085,1
"615",31,2,26,0.049,13.8588739369878,1
"616",31,1,52,0.028,36.77574819905,0
"617",31,2,43,0.049,37.1969040207818,0
"618",31,1,5,0.028,3.43823023424384,1
"619",31,1,81,0.028,32.3150674463806,0
"620",31,2,14,0.049,17.3997947726818,0
"621",31,2,9,0.049,5.57560172710103,1
"622",32,3,74,0.052,34.8512855465879,0
"623",32,1,12,0.028,8.52487422752012,1
"624",32,3,26,0.052,20.4096097542625,1
"625",32,2,24,0.049,20.162677224467,1
"626",32,1,128,0.028,46.5418413555865,0
"627",32,1,12,0.028,7.75475282191286,1
"628",32,1,19,0.028,8.88816157866092,1
"629",32,1,46,0.028,32.7934647759106,1
"630",32,3,32,0.052,18.8876164289136,1
"631",32,3,59,0.052,33.8645639344216,0
"632",32,2,24,0.049,19.5647025034899,1
"633",32,2,6,0.049,3.83921995716445,1
"634",32,3,61,0.052,34.9159824140855,1
"635",32,3,6,0.052,8.14777458785163,1
"636",32,1,47,0.028,27.5717917572872,1
"637",32,2,27,0.049,34.5153563299948,0
"638",32,3,68,0.052,48.7502291305491,1
"639",33,2,52,0.049,33.28759541273,0
"640",33,2,41,0.049,24.2665627981352,0
"641",33,1,122,0.028,46.4169773532619,0
"642",33,3,92,0.052,41.8886955085064,0
"643",33,2,57,0.049,34.000889784492,1
"644",33,1,25,0.028,21.2870920173494,1
"645",33,2,44,0.049,34.0424388277527,0
"646",33,1,8,0.028,5.9711254342813,0
"647",33,1,310,0.028,47.9403851115492,0
"648",33,2,42,0.049,25.9368285547455,1
"649",33,3,135,0.052,63.4576643275151,0
"650",33,2,53,0.049,44.8817367923614,0
"651",33,2,104,0.049,48.5929742639652,0
"652",33,3,27,0.052,17.4778843053989,1
"653",33,2,101,0.049,37.2728004188215,0
"654",33,2,583,0.049,77.6418398036467,0
"655",33,1,90,0.028,36.5644476137186,1
"656",33,2,79,0.049,24.0911334651926,0
"657",33,3,88,0.052,46.0140642774238,0
"658",33,2,60,0.049,46.2197676149053,0
"659",33,3,89,0.052,68.7840928185088,0
"660",33,1,19,0.028,11.7721462461501,1
"661",33,2,162,0.049,55.1861711729239,0
"662",33,3,37,0.052,34.1795713886429,1
"663",33,3,68,0.052,53.85727309842,0
"664",34,1,19,0.028,12.3170560915792,0
"665",34,3,21,0.052,14.0843580877861,1
"666",34,2,99,0.049,55.8950610190256,1
"667",34,2,50,0.049,22.2284588580677,1
"668",34,3,92,0.052,61.5019822032935,1
"669",34,2,39,0.049,20.1650605065178,1
"670",34,2,278,0.049,75.2731563151623,0
"671",34,1,56,0.028,34.3204951995939,1
"672",34,1,576,0.028,73.6166177981925,0
"673",34,1,15,0.028,7.57335551743916,1
"674",34,2,54,0.049,33.9317168189703,1
"675",34,3,87,0.052,47.5871689665909,0
"676",34,3,49,0.052,32.4173091947116,0
"677",34,3,375,0.052,96.1348846376845,0
"678",34,3,31,0.052,34.2044000894867,0
"679",35,2,24,0.049,14.9349937432267,1
"680",35,1,70,0.028,22.0869188155725,0
"681",35,3,42,0.052,38.0368882408265,0
"682",35,3,76,0.052,38.5461593117474,0
"683",35,2,16,0.049,18.3973067815258,0
"684",35,2,31,0.049,17.9404124525469,0
"685",35,2,90,0.049,53.2160190211506,0
"686",35,3,34,0.052,25.3836868573312,0
"687",35,3,50,0.052,26.9824785003733,0
"688",35,3,41,0.052,35.8142658650001,0
"689",35,3,42,0.052,42.1622658255779,1
"690",35,2,119,0.049,47.3778247067863,0
"691",35,2,21,0.049,13.2033225842136,1
"692",35,1,89,0.028,38.4849442897312,1
"693",35,2,22,0.049,19.3063771478954,0
"694",35,3,39,0.052,26.8874021991942,1
"695",35,2,152,0.049,57.8644726524774,0
"696",36,1,51,0.028,26.4082488813363,1
"697",36,3,188,0.052,74.8807573360151,0
"698",36,3,20,0.052,21.2836206317925,1
"699",36,1,15,0.028,8.51296845388045,1
"700",36,3,15,0.052,17.2727195572894,1
"701",36,1,27,0.028,14.7746360580687,0
"702",36,2,43,0.049,28.3881638052702,1
"703",36,3,286,0.052,69.4858112492121,0
"704",36,3,18,0.052,15.1845557314948,1
"705",36,1,62,0.028,28.476129022257,1
"706",36,3,8,0.052,9.38057828254064,1
"707",36,3,48,0.052,34.6297719850934,0
"708",36,3,20,0.052,13.4575505501019,1
"709",36,1,151,0.028,43.6392650606784,1
"710",36,1,35,0.028,20.066667448107,1
"711",36,3,32,0.052,29.028025072654,1
"712",37,1,101,0.028,47.0697727199427,1
"713",37,2,235,0.049,76.6895408261877,0
"714",37,3,36,0.052,24.195150406756,0
"715",37,2,80,0.049,35.0715699181046,0
"716",37,1,18,0.028,12.0506098560924,1
"717",37,1,54,0.028,31.0844046389247,1
"718",37,1,23,0.028,15.8334738160436,0
"719",37,2,41,0.049,26.6766947225253,0
"720",37,1,150,0.028,37.8566648946511,0
"721",37,2,18,0.049,17.0919744163251,0
"722",37,2,203,0.049,71.7909283014428,0
"723",37,2,21,0.049,19.2776034091309,1
"724",37,1,91,0.028,31.4081812562794,0
"725",37,3,16,0.052,11.7275990310839,1
"726",37,3,113,0.052,48.2530404967093,0
"727",37,2,65,0.049,27.5523117986094,0
"728",37,2,161,0.049,61.2324122323756,1
"729",37,3,172,0.052,77.7153215222465,0
"730",37,1,78,0.028,28.6539514496073,1
"731",37,2,158,0.049,65.0341281800303,0
"732",37,2,128,0.049,46.7963389977299,0
"733",37,2,61,0.049,33.1731483841861,0
"734",37,3,60,0.052,36.1408446507529,1
"735",38,2,19,0.049,12.8511675214054,1
"736",38,2,56,0.049,26.6121872188011,1
"737",38,2,280,0.049,65.2322822533748,0
"738",38,3,76,0.052,53.0118263828123,1
"739",38,2,37,0.049,33.4957170189604,0
"740",38,2,30,0.049,11.5493750424442,1
"741",38,1,87,0.028,43.3919396725975,1
"742",38,1,30,0.028,72.1305346482077,1
"743",38,1,100,0.028,33.8539905818645,1
"744",38,1,16,0.028,14.2960405726627,1
"745",38,2,43,0.049,35.0941478091132,1
"746",38,2,61,0.049,33.94476969684,1
"747",38,3,103,0.052,72.07455536674,0
"748",38,2,142,0.049,53.0062814441853,0
"749",38,3,103,0.052,52.439344077977,1
"750",38,3,50,0.052,34.1627236697871,1
"751",39,3,47,0.052,39.6112437849205,0
"752",39,2,26,0.049,22.6920155393216,1
"753",39,1,60,0.028,28.0464756908668,1
"754",39,2,41,0.049,20.5030405473789,1
"755",39,3,109,0.052,53.0295228174914,0
"756",39,2,31,0.049,18.7227831795505,0
"757",39,3,109,0.052,57.8794201118151,0
"758",39,1,151,0.028,51.2387085678374,1
"759",39,1,68,0.028,35.3783212158488,0
"760",39,3,306,0.052,67.5093876302121,0
"761",39,2,50,0.049,41.4924683387147,0
"762",39,1,95,0.028,49.6426589492279,0
"763",39,3,33,0.052,27.4747016179987,0
"764",39,1,32,0.028,18.5443426716742,1
"765",39,2,230,0.049,55.6978319726189,0
"766",39,3,35,0.052,21.7249088829235,0
"767",39,3,132,0.052,55.872453657859,0
"768",39,2,32,0.049,18.6569493989667,1
"769",39,1,104,0.028,42.0384310511184,1
"770",39,3,45,0.052,34.6234554753724,0
"771",39,3,19,0.052,11.6193595971122,1
"772",39,2,11,0.049,9.40830982391867,1
"773",39,2,32,0.049,14.0055633494818,1
"774",40,3,164,0.052,65.4134201850765,0
"775",40,2,78,0.049,42.5033756493927,0
"776",40,1,278,0.028,56.9498505004364,0
"777",40,2,22,0.049,21.9251733297833,0
"778",40,1,9,0.028,5.29416249468155,1
"779",40,1,45,0.028,37.8257534027428,1
"780",40,2,16,0.049,15.5730629934534,0
"781",40,3,281,0.052,90.5326542741548,0
"782",40,2,15,0.049,12.9302597846884,1
"783",40,1,251,0.028,66.7177354532502,1
"784",40,2,63,0.049,35.0642830204961,1
"785",40,3,28,0.052,27.0813589253914,0
"786",40,3,47,0.052,27.4310798324255,0
"787",40,2,18,0.049,13.5627989562544,1
"788",40,3,9,0.052,9.22331228953446,1
"789",40,1,19,0.028,14.9976497494576,0
"790",40,3,39,0.052,33.3845691584144,0
"791",40,1,24,0.028,12.4387546393373,1
"792",40,2,111,0.049,56.4642135884329,1
"793",41,1,24,0.028,7.20950138465688,1
"794",41,3,21,0.052,16.870689002451,1
"795",41,1,28,0.028,25.5220305324072,0
"796",41,2,14,0.049,18.5848718885111,1
"797",41,3,65,0.052,30.0740547725147,1
"798",41,2,42,0.049,34.6314122528511,1
"799",41,2,53,0.049,29.9792858025656,0
"800",41,2,256,0.049,64.8010603428717,1
"801",41,3,28,0.052,21.4012039702296,1
"802",41,3,95,0.052,48.3269926197117,0
"803",41,3,45,0.052,41.9588818274021,0
"804",41,3,74,0.052,39.8538497973052,0
"805",41,2,216,0.049,55.7070063732992,0
"806",41,3,110,0.052,47.8631600971523,0
"807",41,2,43,0.049,30.6954990960081,1
"808",42,3,61,0.052,40.4532001653366,0
"809",42,2,23,0.049,16.0880376212835,0
"810",42,3,239,0.052,77.2471427747923,1
"811",42,3,100,0.052,59.7793693160816,0
"812",42,3,148,0.052,78.8223799846889,0
"813",42,2,23,0.049,15.149875016761,1
"814",42,3,51,0.052,35.3009478331186,0
"815",42,2,100,0.049,51.4501261075213,0
"816",42,1,104,0.028,42.5555620535658,0
"817",42,3,22,0.052,26.7936850411022,0
"818",42,1,9,0.028,6.85925681615435,1
"819",42,1,52,0.028,27.1308359930139,0
"820",42,2,174,0.049,54.9676941295842,0
"821",42,1,236,0.028,68.4311983368786,0
"822",42,1,167,0.028,64.5340333360491,1
"823",42,3,106,0.052,65.9248434035719,0
"824",42,2,16,0.049,17.8427869981045,1
"825",42,1,46,0.028,23.3151331998917,0
"826",43,1,256,0.028,76.4007804908696,1
"827",43,3,2,0.052,1.68904798999749,1
"828",43,1,58,0.028,29.4549546516873,1
"829",43,3,23,0.052,28.8602472157143,1
"830",43,2,155,0.049,78.3437341856899,0
"831",43,1,63,0.028,33.1055838841601,0
"832",43,3,106,0.052,60.0605733224774,0
"833",43,1,19,0.028,11.4149121501478,1
"834",43,2,36,0.049,22.6315364376408,0
"835",43,1,48,0.028,13.7678285452115,1
"836",43,2,27,0.049,18.9363589658535,1
"837",43,3,92,0.052,65.8640879723165,0
"838",43,3,46,0.052,50.5352545218497,1
"839",43,3,145,0.052,62.6759567582502,0
"840",43,2,19,0.049,25.8285178175857,0
"841",43,2,10,0.049,9.57373706403589,1
"842",43,2,60,0.049,24.2410393631436,1
"843",44,2,32,0.049,22.1045213308759,1
"844",44,1,99,0.028,50.2906965362948,1
"845",44,3,100,0.052,54.3998960561406,1
"846",44,2,166,0.049,62.4943796282457,0
"847",44,2,33,0.049,18.7366022911401,1
"848",44,1,41,0.028,40.013885893503,1
"849",44,3,31,0.052,21.0407983943288,1
"850",44,3,11,0.052,7.51053297720903,1
"851",44,2,141,0.049,52.9996472263974,0
"852",44,3,21,0.052,20.7740884979012,0
"853",44,2,55,0.049,40.8612550640507,0
"854",44,1,59,0.028,28.716374444411,1
"855",44,2,37,0.049,28.0083011276587,0
"856",44,1,9,0.028,7.00988889475255,1
"857",44,2,21,0.049,13.4962683600902,1
"858",44,2,22,0.049,13.5115260868987,0
"859",44,3,92,0.052,49.0100305459109,0
"860",45,1,11,0.028,8.3866890686858,1
"861",45,1,144,0.028,27.2031192748605,1
"862",45,2,143,0.049,57.9870346884332,1
"863",45,1,60,0.028,21.3961250636457,1
"864",45,3,184,0.052,56.4046097685057,0
"865",45,1,122,0.028,37.9537589913649,1
"866",45,3,72,0.052,42.1234470913894,1
"867",45,2,104,0.049,48.704872638115,1
"868",45,2,11,0.049,5.75648739669928,1
"869",45,1,81,0.028,20.6382077391083,0
"870",45,1,68,0.028,27.29770143256,1
"871",45,2,43,0.049,30.5384276269679,1
"872",45,2,1162,0.049,74.580516686979,1
"873",45,1,97,0.028,29.3134283378419,1
"874",45,3,225,0.052,75.0865419287067,1
"875",45,1,12,0.028,7.43438593290692,1
"876",45,3,309,0.052,74.2249925126957,1
"877",45,3,93,0.052,44.4096972420509,1
"878",45,2,68,0.049,59.8866059417693,0
"879",45,2,39,0.049,20.9793093089424,1
"880",45,3,156,0.052,64.6376788690065,1
"881",45,3,30,0.052,36.2757085770144,1
"882",46,3,284,0.052,82.2306201631739,0
"883",46,1,244,0.028,62.0916720724137,1
"884",46,1,11,0.028,7.27677673983128,1
"885",46,1,159,0.028,51.6837204614842,0
"886",46,2,30,0.049,13.8504740972325,0
"887",46,3,24,0.052,18.184680269473,1
"888",46,3,72,0.052,42.4620043992598,1
"889",46,2,153,0.049,55.4738383246071,0
"890",46,3,55,0.052,57.1554259577041,0
"891",46,2,129,0.049,45.3607149937942,0
"892",46,2,25,0.049,18.9299306289539,1
"893",46,2,72,0.049,34.9537882550205,0
"894",46,3,35,0.052,25.1462394059059,1
"895",46,3,38,0.052,32.6146910767513,0
"896",46,2,130,0.049,72.0996812049388,1
"897",46,2,80,0.049,28.1029505663884,1
"898",46,2,115,0.049,38.7154773258058,1
"899",46,1,71,0.028,36.9606008646338,1
"900",46,2,161,0.049,64.5326387653827,0
"901",46,3,26,0.052,21.363802292977,1
"902",46,1,61,0.028,32.7218570670725,1
"903",46,2,9,0.049,7.15282019345367,1
"904",46,1,66,0.028,41.1542533415685,0
"905",47,2,278,0.049,67.6186950448207,0
"906",47,1,53,0.028,47.0525637522198,1
"907",47,3,53,0.052,30.0013011946042,1
"908",47,3,45,0.052,25.8455116413499,0
"909",47,2,115,0.049,30.7768123929494,0
"910",47,1,27,0.028,16.5595357981235,1
"911",47,2,8,0.049,9.8082034444214,1
"912",47,2,138,0.049,58.7398340766758,0
"913",47,3,196,0.052,77.4885310407031,0
"914",47,2,44,0.049,23.1847064155623,1
"915",47,3,92,0.052,59.6730722155544,1
"916",47,2,114,0.049,44.2257834359993,1
"917",47,3,155,0.052,60.3511803690492,1
"918",47,2,21,0.049,18.7440465414091,1
"919",47,3,11,0.052,14.8783785481298,0
"920",47,3,59,0.052,47.1611493698013,0
"921",47,2,36,0.049,23.815574396599,0
"922",47,3,25,0.052,15.6697770178659,1
"923",47,2,27,0.049,22.2930927955468,0
"924",47,1,317,0.028,75.2261091546392,1
"925",47,2,67,0.049,37.0031398357227,1
"926",47,2,47,0.049,29.3310538765621,1
"927",47,2,29,0.049,23.1054515921385,1
"928",47,3,28,0.052,19.1990085593862,0
"929",47,3,27,0.052,24.1756213211404,1
"930",47,1,67,0.028,32.1525996540717,0
"931",47,2,146,0.049,41.7141701245425,1
"932",48,2,81,0.049,56.7779208752829,1
"933",48,3,35,0.052,18.1258180468894,1
"934",48,2,177,0.049,58.7775664931614,1
"935",48,1,39,0.028,23.053195316652,1
"936",48,2,57,0.049,31.4136569665371,1
"937",48,1,91,0.028,41.5247594955091,1
"938",48,1,39,0.028,25.863993315614,1
"939",48,2,32,0.049,15.1320249312161,1
"940",48,3,123,0.052,66.2005382194388,0
"941",48,1,12,0.028,8.16150927482335,1
"942",48,1,21,0.028,14.1831468575409,0
"943",48,3,83,0.052,38.918177398458,1
"944",48,2,38,0.049,20.9098592109738,1
"945",48,2,40,0.049,28.9424789491992,1
"946",48,1,63,0.028,34.0808537891053,1
"947",48,3,4,0.052,6.77894788928862,1
"948",48,1,21,0.028,15.35079175499,1
"949",48,1,34,0.028,14.1753308243536,1
"950",48,1,407,0.028,63.814459324794,1
"951",48,1,59,0.028,17.2621789212756,0
"952",49,2,33,0.049,18.0582573402291,1
"953",49,2,61,0.049,32.5771909075635,0
"954",49,1,15,0.028,14.2299062632748,1
"955",49,1,25,0.028,27.4604546075864,1
"956",49,2,85,0.049,50.111173304661,0
"957",49,1,135,0.028,49.0774379282906,0
"958",49,2,30,0.049,19.2411691259675,1
"959",49,2,43,0.049,25.8752984749759,0
"960",49,1,14,0.028,11.4372116570676,1
"961",49,1,4,0.028,2.8964716710273,1
"962",49,1,105,0.028,34.4354491299353,1
"963",49,3,34,0.052,25.8826321491141,1
"964",49,2,31,0.049,21.2030707431661,0
"965",49,1,121,0.028,38.6028618975171,1
"966",49,1,51,0.028,29.6028722267341,0
"967",49,2,42,0.049,22.5244346094567,1
"968",49,3,26,0.052,13.7577375901233,1
"969",49,2,247,0.049,57.8183704380282,0
"970",49,3,76,0.052,61.9792611198117,0
"971",49,2,158,0.049,53.5019375854222,0
"972",50,3,91,0.052,67.5816526039747,1
"973",50,2,83,0.049,54.6326322816089,0
"974",50,1,63,0.028,13.9196994912517,1
"975",50,1,52,0.028,25.8855978230906,1
"976",50,2,53,0.049,37.5103855085899,0
"977",50,2,76,0.049,46.8784960417646,1
"978",50,3,70,0.052,52.6162180600585,0
"979",50,3,134,0.052,67.714603801487,0
"980",50,1,64,0.028,28.515277880131,1
"981",50,1,43,0.028,16.4585969302756,1
"982",50,1,76,0.028,32.2231469743265,1
"983",50,3,141,0.052,63.720848776278,0
"984",50,1,93,0.028,35.4186591175875,1
"985",50,1,21,0.028,7.5094985579909,1
"986",50,3,7,0.052,7.65944675263554,1
"987",50,1,95,0.028,44.2242490017064,0
"988",50,3,20,0.052,14.5767456170405,1
"989",50,3,17,0.052,15.3016528535164,1
"990",50,1,38,0.028,23.9854387308229,1
"991",50,1,75,0.028,36.5612553101508,1
"992",50,1,71,0.028,41.9998585389058,0
"993",50,1,50,0.028,26.8484414919022,1
"994",51,3,44,0.052,29.1613886790472,1
"995",51,3,47,0.052,31.9824443772497,1
"996",51,1,60,0.028,21.9586020326464,1
"997",51,1,26,0.028,14.5732643071874,1
"998",51,1,7,0.028,4.57115925025931,1
"999",51,1,105,0.028,32.3774615794043,1
"1000",51,1,73,0.028,24.3561960964158,0
"1001",51,2,58,0.049,29.027678109546,1
"1002",51,2,64,0.049,36.1484317205348,0
"1003",51,3,26,0.052,14.0184282559932,1
"1004",51,2,30,0.049,20.63888551868,1
"1005",51,1,50,0.028,35.7357969538402,1
"1006",51,3,135,0.052,61.9943587094938,0
"1007",51,1,131,0.028,56.7505612332857,0
"1008",51,3,321,0.052,93.0057486224903,0
"1009",51,2,35,0.049,15.4017029349042,0
"1010",52,1,17,0.028,20.2428067047794,0
"1011",52,1,43,0.028,16.9711849867666,1
"1012",52,2,29,0.049,29.3475326430259,0
"1013",52,1,14,0.028,9.8153332691818,0
"1014",52,2,44,0.049,19.8491902907007,1
"1015",52,3,73,0.052,56.0069248835568,1
"1016",52,1,47,0.028,33.6105564494643,0
"1017",52,1,48,0.028,11.3098223890863,1
"1018",52,1,47,0.028,21.0068671481853,1
"1019",52,1,9,0.028,9.90441108726709,1
"1020",52,2,16,0.049,17.5809925103083,1
"1021",52,3,58,0.052,34.0431934779741,0
"1022",52,2,29,0.049,13.0783178868325,1
"1023",52,2,91,0.049,42.0180739593082,0
"1024",52,3,33,0.052,20.4531360689756,0
"1025",52,2,84,0.049,26.6453221150068,1
"1026",52,3,80,0.052,51.3852057215915,0
"1027",52,3,27,0.052,21.8669196587776,0
"1028",52,2,30,0.049,17.8993602726967,1
"1029",52,3,79,0.052,77.3205309105321,1
"1030",52,3,28,0.052,22.5525571430258,1
"1031",53,2,31,0.049,19.6858491830745,1
"1032",53,1,15,0.028,10.9273129395866,1
"1033",53,3,74,0.052,49.0417421946491,0
"1034",53,1,11,0.028,10.3731571477561,1
"1035",53,1,129,0.028,59.2902104008253,1
"1036",53,2,89,0.049,48.4782997188975,0
"1037",53,3,97,0.052,59.1111601676281,1
"1038",53,2,106,0.049,47.4461706127473,1
"1039",53,3,19,0.052,25.5100705130782,1
"1040",53,2,42,0.049,29.4848686649211,1
"1041",53,2,7,0.049,7.06715733191712,1
"1042",53,2,89,0.049,50.4332588994007,1
"1043",54,3,325,0.052,82.5685655119485,0
"1044",54,3,26,0.052,22.4296267785094,1
"1045",54,1,42,0.028,23.0935758361468,1
"1046",54,3,195,0.052,65.8258113871404,0
"1047",54,3,23,0.052,24.041519407887,1
"1048",54,1,24,0.028,12.1312977520335,1
"1049",54,2,58,0.049,41.7002239618253,1
"1050",54,3,15,0.052,9.86624794476727,1
"1051",54,2,60,0.049,28.5761830866159,1
"1052",54,3,343,0.052,79.5419084584155,1
"1053",54,2,54,0.049,35.6557979411635,1
"1054",54,1,46,0.028,23.9370011385452,1
"1055",54,3,80,0.052,57.056386430099,1
"1056",54,3,36,0.052,31.7240824731332,1
"1057",54,1,238,0.028,60.3239224467779,1
"1058",54,3,18,0.052,11.6752584126746,1
"1059",54,1,18,0.028,14.8167229283014,1
"1060",54,3,41,0.052,46.0459685348912,1
"1061",54,1,31,0.028,20.9129553712187,1
"1062",54,1,11,0.028,2.71860090810854,1
"1063",54,2,197,0.049,79.536132062101,0
"1064",54,1,124,0.028,58.4017103392469,0
"1065",54,1,148,0.028,37.4517166965974,1
"1066",54,2,64,0.049,41.7064229092473,0
"1067",55,2,30,0.049,21.3765023117311,0
"1068",55,1,19,0.028,7.56975576823585,1
"1069",55,3,280,0.052,98.4589895347622,0
"1070",55,3,12,0.052,10.6299816518545,1
"1071",55,2,88,0.049,60.7200649923065,0
"1072",55,2,103,0.049,47.4271020193943,0
"1073",55,2,9,0.049,6.80767069735875,0
"1074",55,1,49,0.028,24.7928326549688,1
"1075",55,3,28,0.052,25.7154398055278,0
"1076",55,2,50,0.049,32.7110559291284,0
"1077",55,3,261,0.052,87.5004509522934,0
"1078",55,1,23,0.028,14.2159533663369,1
"1079",55,1,32,0.028,22.9824890187535,1
"1080",55,2,76,0.049,47.8910319979104,1
"1081",55,1,204,0.028,49.5902576470437,0
"1082",55,1,33,0.028,19.5308827243686,1
"1083",55,3,37,0.052,29.9853941273058,0
"1084",55,1,231,0.028,45.2328869735159,1
"1085",55,3,26,0.052,31.3429058226342,1
"1086",55,3,82,0.052,48.6044735540074,0
"1087",56,1,36,0.028,22.8941707378883,1
"1088",56,2,31,0.049,15.0820528957973,1
"1089",56,1,27,0.028,12.5181602092005,0
"1090",56,3,418,0.052,86.6595303178634,0
"1091",56,1,279,0.028,66.7566542705864,0
"1092",56,2,32,0.049,24.9287077837447,1
"1093",56,2,41,0.049,28.1681575539268,1
"1094",56,1,38,0.028,19.1951859647576,1
"1095",56,2,44,0.049,26.6771108560119,1
"1096",56,3,161,0.052,69.7284364150583,0
"1097",56,1,39,0.028,29.3632100626661,1
"1098",56,1,80,0.028,21.3227563981168,0
"1099",56,2,25,0.049,29.602345723677,0
"1100",56,2,259,0.049,70.3890393041277,0
"1101",56,2,14,0.049,10.8812043758264,0
"1102",56,3,69,0.052,41.1557422932712,0
"1103",56,3,54,0.052,27.9068732827963,0
"1104",56,2,45,0.049,82.7878898828036,0
"1105",56,3,227,0.052,64.5559011730132,0
"1106",57,1,33,0.028,18.0071502970007,0
"1107",57,2,12,0.049,8.77021644973219,1
"1108",57,3,22,0.052,26.8716717818128,1
"1109",57,3,20,0.052,14.8523263147237,1
"1110",57,2,27,0.049,16.1617126054353,1
"1111",57,3,19,0.052,32.0433048240863,1
"1112",57,2,89,0.049,50.8138276238743,1
"1113",57,1,24,0.028,13.9625697261828,1
"1114",57,2,80,0.049,45.8608216748494,0
"1115",57,1,100,0.028,28.0112629752817,1
"1116",57,1,60,0.028,36.3469846145228,1
"1117",57,3,253,0.052,103.602014149093,0
"1118",57,2,57,0.049,20.5546770872661,0
"1119",57,3,26,0.052,15.4117113960023,0
"1120",57,1,34,0.028,18.0386332705797,1
"1121",57,2,186,0.049,68.5649032244962,0
"1122",57,3,33,0.052,26.1034701008014,1
"1123",58,1,58,0.028,38.5190012963785,0
"1124",58,2,11,0.049,22.5623930334184,0
"1125",58,3,51,0.052,40.1730403467066,1
"1126",58,2,10,0.049,11.0772241606955,1
"1127",58,2,64,0.049,33.2716016442161,1
"1128",58,2,127,0.049,45.312308192259,1
"1129",58,1,158,0.028,72.0519963275357,1
"1130",58,2,9,0.049,8.2553961389586,0
"1131",58,3,104,0.052,34.6759198651905,0
"1132",58,1,16,0.028,9.75372871613085,1
"1133",58,2,60,0.049,33.8487704138743,1
"1134",58,3,86,0.052,39.2419197715325,0
"1135",58,1,29,0.028,23.0559547773626,1
"1136",58,2,483,0.049,85.8757003252806,0
"1137",58,2,41,0.049,27.5081292670072,0
"1138",58,1,65,0.028,40.5411225636842,1
"1139",58,3,44,0.052,29.4938146312585,1
"1140",58,1,32,0.028,25.7214973501488,1
"1141",58,2,25,0.049,17.0292676570198,1
"1142",59,1,37,0.028,11.9746392669522,1
"1143",59,2,170,0.049,60.6661266791109,1
"1144",59,2,19,0.049,12.1658726342816,0
"1145",59,3,63,0.052,33.8884308957205,1
"1146",59,2,59,0.049,32.4764781620534,1
"1147",59,2,35,0.049,19.1680234902939,0
"1148",59,1,148,0.028,43.8029851197397,1
"1149",59,1,43,0.028,53.4041580334944,0
"1150",59,1,309,0.028,62.6369388655132,0
"1151",59,2,78,0.049,39.3457388973449,0
"1152",59,3,74,0.052,57.5673097630479,0
"1153",59,2,19,0.049,15.0500398731284,1
"1154",59,3,34,0.052,31.7121009952626,1
"1155",59,2,24,0.049,13.9317879980458,1
"1156",59,3,103,0.052,60.9454670385896,0
"1157",59,3,328,0.052,81.8923480155788,0
"1158",59,2,201,0.049,53.5729902970844,0
"1159",59,3,101,0.052,43.7966891715416,1
"1160",59,3,19,0.052,13.9734374598627,1
"1161",59,3,22,0.052,12.5413683684605,0
"1162",60,2,57,0.049,36.8254821836363,0
"1163",60,1,69,0.028,34.0011491935608,1
"1164",60,2,48,0.049,37.7956287228543,1
"1165",60,2,92,0.049,31.8947502141861,0
"1166",60,2,66,0.049,33.3456582088047,1
"1167",60,3,41,0.052,26.4206662397222,0
"1168",60,1,89,0.028,28.3963063448184,0
"1169",60,3,29,0.052,19.2932464397012,0
"1170",60,2,162,0.049,56.9467827633669,0
"1171",60,1,427,0.028,51.5773247067557,1
"1172",60,2,29,0.049,17.7899164864793,1
"1173",60,1,107,0.028,27.3010740598284,1
"1174",60,3,105,0.052,47.0886280604948,1
"1175",60,3,46,0.052,22.4318141381965,1
"1176",60,2,99,0.049,41.2599117942312,1
"1177",60,1,39,0.028,29.9541850078081,1
"1178",60,3,28,0.052,29.5556777136969,1
"1179",60,2,42,0.049,40.7317286827523,1
"1180",60,1,120,0.028,43.4595679171132,0
"1181",60,3,244,0.052,84.1791983213739,0
"1182",60,1,45,0.028,13.081096325116,1
"1183",60,2,620,0.049,92.8063407854129,0
"1184",60,2,167,0.049,65.1787579505043,0
"1185",60,1,20,0.028,11.2853845251552,1
"1186",60,2,69,0.049,32.328816594491,0
"1187",60,2,29,0.049,20.5669498921961,1
"1188",60,1,13,0.028,13.5177609673574,1
"1189",61,2,70,0.049,37.1891369982961,1
"1190",61,2,29,0.049,16.6612032523421,1
"1191",61,3,42,0.052,27.172067793942,0
"1192",61,3,61,0.052,45.6060259177014,0
"1193",61,2,32,0.049,16.5606901491302,1
"1194",61,1,65,0.028,22.5378882168931,1
"1195",61,3,167,0.052,72.1117922771287,0
"1196",61,3,159,0.052,68.3735323750759,0
"1197",61,3,67,0.052,41.6288580671845,0
"1198",61,3,47,0.052,43.2027719503873,0
"1199",61,3,64,0.052,36.1436733456943,0
"1200",61,3,30,0.052,19.2141763799573,1
"1201",61,3,6,0.052,10.5737342469029,1
"1202",61,3,8,0.052,8.40706228764207,1
"1203",61,2,303,0.049,76.000735812576,0
"1204",61,1,1315,0.028,67.1028287105381,1
"1205",62,1,84,0.028,46.9746953864676,1
"1206",62,1,4,0.028,3.27608936605698,0
"1207",62,2,20,0.049,15.1122819825393,1
"1208",62,1,69,0.028,26.3366653929965,0
"1209",62,2,31,0.049,20.36532386329,1
"1210",62,2,70,0.049,38.37371329556,1
"1211",62,1,27,0.028,26.5246849913332,1
"1212",62,3,4,0.052,3.34635544406114,1
"1213",62,2,15,0.049,11.1008956781178,1
"1214",62,1,41,0.028,26.2453395252387,1
"1215",62,3,12,0.052,7.39528044872648,0
"1216",62,1,83,0.028,44.5883574237797,0
"1217",62,2,60,0.049,43.2357017509092,0
"1218",62,2,24,0.049,8.93445181493883,1
"1219",62,3,25,0.052,22.2748200073087,0
"1220",62,3,25,0.052,17.8427249987791,1
"1221",62,2,98,0.049,31.3165818568104,0
"1222",62,2,7,0.049,9.49803639558186,1
"1223",62,3,119,0.052,61.9675799097709,1
"1224",63,3,95,0.052,45.825909120007,0
"1225",63,2,82,0.049,46.108966900388,1
"1226",63,2,111,0.049,58.5749005573381,0
"1227",63,2,35,0.049,24.9224626288365,1
"1228",63,2,38,0.049,21.4015236706598,1
"1229",63,1,26,0.028,11.5781566760337,1
"1230",63,1,76,0.028,19.2979346707259,0
"1231",63,1,245,0.028,56.2160528211975,1
"1232",63,2,49,0.049,39.0907455869619,0
"1233",63,1,28,0.028,11.0200997416864,1
"1234",63,3,63,0.052,41.7726884579037,1
"1235",63,3,51,0.052,39.6088260580664,1
"1236",63,1,52,0.028,25.2547088158596,1
"1237",63,1,106,0.028,44.035207666965,1
"1238",63,2,53,0.049,21.44661889807,1
"1239",63,2,33,0.049,19.2955402410034,0
"1240",63,3,44,0.052,26.352639298963,0
"1241",63,3,142,0.052,66.4075028924129,0
"1242",63,3,64,0.052,34.8159745283749,1
"1243",63,3,42,0.052,30.5087801058022,1
"1244",63,2,6,0.049,4.25024160629364,1
"1245",64,1,16,0.028,11.6495745737945,0
"1246",64,3,16,0.052,16.0048915516053,0
"1247",64,1,13,0.028,5.90769520462548,1
"1248",64,2,130,0.049,53.7738957836048,1
"1249",64,2,176,0.049,56.1492883151874,0
"1250",64,2,52,0.049,33.3291085928221,1
"1251",64,1,18,0.028,10.9003646034339,1
"1252",64,2,55,0.049,30.4229800004706,1
"1253",64,2,658,0.049,86.5619704453345,0
"1254",64,1,148,0.028,74.0191431872678,1
"1255",64,3,26,0.052,22.8528132421778,0
"1256",64,3,20,0.052,15.0020571727123,1
"1257",64,3,29,0.052,49.7479690356687,0
"1258",64,2,18,0.049,19.6612552608429,0
"1259",65,3,28,0.052,21.3816133449513,1
"1260",65,2,82,0.049,55.8543074411133,1
"1261",65,1,20,0.028,8.47860460037545,1
"1262",65,3,220,0.052,82.1586151563939,1
"1263",65,3,26,0.052,18.3335949613284,1
"1264",65,2,30,0.049,15.3223650806216,1
"1265",65,3,82,0.052,45.6570175108468,1
"1266",65,1,353,0.028,50.9443765075696,0
"1267",65,1,21,0.028,16.381497475074,1
"1268",65,1,59,0.028,40.2686578110264,1
"1269",65,3,17,0.052,17.646788740609,0
"1270",65,3,177,0.052,62.3040870430473,0
"1271",65,3,25,0.052,19.7199035809254,1
"1272",65,1,44,0.028,20.8409580664137,1
"1273",65,1,31,0.028,11.8762760813916,1
"1274",65,1,281,0.028,51.5069287884978,1
"1275",65,1,26,0.028,26.4698262715913,1
"1276",65,3,6,0.052,4.84085753108661,1
"1277",65,3,56,0.052,42.5394446244669,1
"1278",65,3,10,0.052,13.1901410933349,1
"1279",65,3,12,0.052,10.2110996017159,1
"1280",65,3,135,0.052,72.1931210231684,0
"1281",65,3,178,0.052,69.6816174973545,1
"1282",65,1,68,0.028,38.6841698015012,1
"1283",65,3,228,0.052,74.0692431691136,0
"1284",65,3,162,0.052,68.3775434167582,1
"1285",65,2,4,0.049,5.10914164775294,1
"1286",65,3,36,0.052,26.6027590497346,1
"1287",65,3,153,0.052,60.8147039892095,1
"1288",66,1,120,0.028,34.2469737511844,0
"1289",66,3,15,0.052,11.8671587351676,1
"1290",66,3,77,0.052,56.4130420889484,0
"1291",66,2,48,0.049,30.3385320601304,1
"1292",66,2,33,0.049,26.7329195844754,0
"1293",66,1,115,0.028,55.2005947165339,0
"1294",66,1,164,0.028,48.0453238479286,0
"1295",66,3,19,0.052,20.8731229337643,1
"1296",66,2,86,0.049,39.2453529251258,0
"1297",66,3,13,0.052,14.4114199255261,0
"1298",66,1,5,0.028,2.48656321197156,1
"1299",66,1,283,0.028,72.6505332235399,1
"1300",66,3,42,0.052,30.4166242909439,1
"1301",66,2,58,0.049,32.9046653562312,1
"1302",66,2,73,0.049,54.7517194670416,0
"1303",67,3,43,0.052,36.651209307536,0
"1304",67,2,25,0.049,26.9689329066221,0
"1305",67,2,22,0.049,14.7264285702787,1
"1306",67,1,75,0.028,37.4395220494136,0
"1307",67,1,20,0.028,7.94291044448291,1
"1308",67,2,36,0.049,30.205010700706,0
"1309",67,2,41,0.049,27.7235017085633,0
"1310",67,2,24,0.049,22.4466810338706,1
"1311",67,3,17,0.052,18.306551516699,1
"1312",67,3,195,0.052,79.0987850884636,0
"1313",67,1,112,0.028,52.2708967146121,1
"1314",67,2,64,0.049,43.6542324092082,0
"1315",67,1,33,0.028,14.7921470984563,0
"1316",67,2,16,0.049,10.587048318549,0
"1317",67,3,304,0.052,78.7834455579619,0
"1318",67,2,195,0.049,56.1158075094551,0
"1319",67,1,36,0.028,22.5088465240214,1
"1320",67,3,33,0.052,31.81205049124,0
"1321",67,2,12,0.049,10.5600580606132,0
"1322",67,3,85,0.052,45.2664493389542,1
"1323",67,1,166,0.028,46.7317580292209,1
"1324",67,1,55,0.028,22.7972144362211,1
"1325",67,3,24,0.052,15.1217808157201,0
"1326",68,3,155,0.052,77.4029703569906,0
"1327",68,2,28,0.049,25.8767861873695,1
"1328",68,3,31,0.052,27.8460233156249,0
"1329",68,1,72,0.028,39.9803553796784,1
"1330",68,3,4,0.052,4.07861212755279,1
"1331",68,1,82,0.028,29.7803155512664,0
"1332",68,3,66,0.052,37.6084657364312,0
"1333",68,1,83,0.028,31.7263274620297,0
"1334",68,2,164,0.049,48.2028040168942,0
"1335",68,1,361,0.028,61.993446488616,0
"1336",68,3,52,0.052,36.6582348182094,0
"1337",68,3,25,0.052,19.7970460386249,1
"1338",68,1,99,0.028,23.6270547454579,1
"1339",68,1,10,0.028,7.81658763942229,0
"1340",68,2,22,0.049,20.4857480356182,0
"1341",68,2,61,0.049,32.3179721878855,1
"1342",68,1,36,0.028,17.4408352561432,1
"1343",68,2,117,0.049,81.1644058431004,0
"1344",68,3,192,0.052,69.2655217987164,0
"1345",68,1,166,0.028,39.8145662703337,0
"1346",68,3,42,0.052,49.8424999737493,0
"1347",69,1,37,0.028,19.3118593681489,0
"1348",69,2,41,0.049,29.6574104332783,1
"1349",69,2,44,0.049,27.8379393118157,1
"1350",69,1,104,0.028,55.8733077875329,0
"1351",69,3,43,0.052,32.4465545041868,1
"1352",69,3,122,0.052,80.2932406379239,0
"1353",69,3,20,0.052,17.3075656380316,0
"1354",69,2,22,0.049,15.2301869463005,0
"1355",69,1,41,0.028,21.4651185842559,1
"1356",69,2,10,0.049,16.6903689043382,1
"1357",69,1,163,0.028,54.9533289082818,0
"1358",69,2,537,0.049,63.1932887625782,0
"1359",69,1,48,0.028,22.281116161913,1
"1360",69,3,45,0.052,34.1986529406179,0
"1361",69,3,71,0.052,63.0728202135794,1
"1362",69,1,245,0.028,57.5042757001028,1
"1363",69,1,37,0.028,8.24396725071819,0
"1364",69,3,21,0.052,17.5318650611274,1
"1365",69,2,434,0.049,76.8350247188221,0
"1366",69,2,77,0.049,31.3593262359473,1
"1367",70,1,71,0.028,20.7940841266067,1
"1368",70,3,37,0.052,25.0461963794024,1
"1369",70,3,54,0.052,39.9858572183699,0
"1370",70,1,25,0.028,14.4543475037545,0
"1371",70,1,10,0.028,6.49168070861873,1
"1372",70,1,9,0.028,5.95404413648471,1
"1373",70,2,87,0.049,38.1359783508935,0
"1374",70,2,785,0.049,91.2798486586131,0
"1375",70,1,32,0.028,21.4591588938778,1
"1376",70,3,100,0.052,70.9917164831505,0
"1377",70,2,234,0.049,67.6064594467361,0
"1378",70,3,238,0.052,67.8993169159008,0
"1379",70,1,100,0.028,39.1669411178734,1
"1380",70,2,69,0.049,41.0741621543535,1
"1381",70,2,23,0.049,14.407120999523,1
"1382",70,2,138,0.049,57.9246223727796,0
"1383",70,2,38,0.049,29.900501261524,0
"1384",70,2,308,0.049,71.7352036470502,0
"1385",71,1,189,0.028,29.0979397825208,0
"1386",71,3,13,0.052,10.7028618034179,1
"1387",71,2,75,0.049,45.3125310516769,0
"1388",71,2,66,0.049,36.8628473094851,0
"1389",71,2,46,0.049,23.7732478069197,0
"1390",71,3,92,0.052,40.6820240761222,0
"1391",71,1,386,0.028,44.3871328410269,0
"1392",71,1,240,0.028,75.9990587602123,0
"1393",71,3,22,0.052,17.3944948462477,1
"1394",71,3,21,0.052,12.3350115084219,1
"1395",71,1,35,0.028,14.9827011549925,0
"1396",71,1,86,0.028,38.0958061676438,0
"1397",71,3,8,0.052,6.86429061927411,0
"1398",71,3,69,0.052,36.2986415672487,0
"1399",71,1,20,0.028,17.6100694464293,0
"1400",71,1,392,0.028,96.3778771698921,0
"1401",72,1,61,0.028,49.4939868257571,0
"1402",72,3,55,0.052,40.4720480210075,0
"1403",72,1,59,0.028,27.8971523834089,1
"1404",72,1,18,0.028,7.32695906743649,0
"1405",72,3,160,0.052,81.3840461518321,0
"1406",72,2,46,0.049,39.2084789612333,0
"1407",72,3,14,0.052,16.4083736729979,1
"1408",72,1,206,0.028,37.7203760311211,1
"1409",72,2,70,0.049,30.9599048366716,0
"1410",72,3,97,0.052,59.5627560508953,0
"1411",72,1,47,0.028,19.3353609369371,1
"1412",72,3,323,0.052,79.4887540864371,1
"1413",72,1,27,0.028,22.873439345069,1
"1414",72,3,49,0.052,35.9393525854438,0
"1415",72,1,147,0.028,50.485100545147,1
"1416",72,1,52,0.028,35.3696484733582,1
"1417",72,2,77,0.049,39.2507919113187,0
"1418",72,3,105,0.052,34.0749987963418,1
"1419",72,2,76,0.049,45.4249085795781,0
"1420",72,3,63,0.052,51.1253081414874,0
"1421",72,2,110,0.049,46.6836189304807,0
"1422",72,1,758,0.028,70.3428249864557,0
"1423",72,1,12,0.028,7.67375177675716,0
"1424",72,3,462,0.052,84.7769064119129,0
"1425",72,1,49,0.028,23.1460766075141,0
"1426",72,3,12,0.052,10.6355698670272,0
"1427",72,2,47,0.049,28.0580347289743,0
"1428",72,3,17,0.052,13.7352193476621,1
"1429",72,1,1073,0.028,76.1317801251115,0
"1430",72,1,6,0.028,7.26455124388209,1
"1431",73,1,222,0.028,41.8972936849054,0
"1432",73,2,50,0.049,43.8691568416488,0
"1433",73,2,86,0.049,45.7757902717688,1
"1434",73,1,31,0.028,10.2781837753826,0
"1435",73,3,39,0.052,22.5289402638186,0
"1436",73,2,48,0.049,35.140915284469,1
"1437",73,1,107,0.028,47.7890901512652,1
"1438",73,3,20,0.052,14.305425320482,0
"1439",73,1,129,0.028,46.2937023686212,0
"1440",73,3,64,0.052,48.6756848166716,0
"1441",73,1,26,0.028,11.7255895256492,0
"1442",73,2,140,0.049,53.6689846893064,0
"1443",73,3,139,0.052,49.7480014188653,0
"1444",73,1,57,0.028,30.7964658664109,1
"1445",73,3,147,0.052,57.7977542855348,0
"1446",73,3,94,0.052,45.9498625736552,0
"1447",73,2,278,0.049,69.6338339919798,0
"1448",74,1,36,0.028,22.6906854591729,1
"1449",74,2,56,0.049,41.8197471032591,0
"1450",74,1,342,0.028,54.9419916244502,0
"1451",74,2,21,0.049,18.082878328116,1
"1452",74,2,19,0.049,12.0721253273567,0
"1453",74,2,71,0.049,44.7039640985546,0
"1454",74,2,76,0.049,42.9338008953312,1
"1455",74,3,603,0.052,107.526580049538,0
"1456",74,3,86,0.052,42.7038361710828,1
"1457",74,1,122,0.028,52.6571520274294,1
"1458",74,2,35,0.049,22.3704725991149,0
"1459",74,3,39,0.052,29.5075946773607,1
"1460",74,3,28,0.052,16.8774353869555,1
"1461",74,1,195,0.028,35.4725253704789,1
"1462",74,3,161,0.052,67.8107628822306,0
"1463",74,3,45,0.052,25.9206409123902,1
"1464",74,1,25,0.028,19.4980942695879,0
"1465",74,3,41,0.052,27.0686634177788,1
"1466",75,1,11,0.028,6.72489635665032,1
"1467",75,3,38,0.052,27.9725721843875,0
"1468",75,1,17,0.028,11.3148301561602,1
"1469",75,3,55,0.052,31.0872185373606,1
"1470",75,1,20,0.028,18.7834357206921,1
"1471",75,1,97,0.028,28.465172294473,0
"1472",75,1,45,0.028,27.9966676894433,1
"1473",75,1,50,0.028,34.4413249242416,1
"1474",75,2,61,0.049,37.8802892662631,0
"1475",75,1,73,0.028,27.0255573725103,1
"1476",75,3,52,0.052,28.1444331136394,0
"1477",75,2,48,0.049,24.5449934376076,1
"1478",75,2,61,0.049,31.1933853771979,1
"1479",75,1,52,0.028,32.1411165583788,1
"1480",75,2,313,0.049,78.392924329155,0
"1481",75,2,116,0.049,51.5301869942177,0
"1482",75,1,119,0.028,39.37359771957,0
"1483",75,1,41,0.028,55.7591967287651,1
"1484",75,2,34,0.049,16.8614903137526,1
"1485",75,2,92,0.049,58.9217588193628,0
"1486",76,1,416,0.028,88.8777988132248,0
"1487",76,2,33,0.049,23.9934471904977,1
"1488",76,3,31,0.052,17.7166299006214,0
"1489",76,1,5,0.028,5.99721771406672,1
"1490",76,1,69,0.028,34.3716295741502,1
"1491",76,1,58,0.028,34.6417531758616,1
"1492",76,3,1220,0.052,116.795147375168,1
"1493",76,2,195,0.049,52.60603754597,1
"1494",76,3,37,0.052,28.5665733891197,1
"1495",76,2,191,0.049,60.7455452075083,0
"1496",76,2,23,0.049,25.0142300033065,1
"1497",76,2,11,0.049,6.22652116683782,1
"1498",76,3,15,0.052,13.3924610927186,1
"1499",76,2,16,0.049,8.20004721948177,1
"1500",76,2,54,0.049,30.6478792585517,1
"1501",76,3,397,0.052,85.8881582893198,0
"1502",76,3,20,0.052,23.8171340055606,1
"1503",76,2,38,0.049,26.1207779187704,1
"1504",76,3,31,0.052,35.3586967054176,1
"1505",76,2,102,0.049,70.6515916341242,0
"1506",76,3,26,0.052,28.9917956001789,1
"1507",76,1,7,0.028,3.91627602308012,1
"1508",76,1,38,0.028,25.5671742291686,1
"1509",76,2,6,0.049,8.47927171815727,1
"1510",77,1,23,0.028,8.58802526293134,1
"1511",77,3,264,0.052,91.6669749726551,0
"1512",77,1,49,0.028,25.4620948516698,0
"1513",77,1,77,0.028,42.4263489935294,0
"1514",77,3,68,0.052,61.0850810308701,1
"1515",77,1,39,0.028,25.3075346845209,0
"1516",77,1,30,0.028,11.6262123795229,1
"1517",77,1,49,0.028,25.4151349557963,1
"1518",77,2,25,0.049,27.2964785913728,0
"1519",77,1,27,0.028,15.4202067104805,0
"1520",77,2,67,0.049,67.3447803643734,0
"1521",77,2,73,0.049,39.5568489398258,1
"1522",77,2,54,0.049,29.889935043736,0
"1523",77,2,132,0.049,47.0172388020574,1
"1524",77,2,45,0.049,22.9383327944008,1
"1525",77,3,49,0.052,39.674502994023,1
"1526",77,3,62,0.052,30.8326372001528,1
"1527",77,2,48,0.049,40.2425910908319,0
"1528",77,3,10,0.052,9.65253195696841,1
"1529",77,1,9,0.028,6.79112829001109,1
"1530",78,2,284,0.049,62.4197248300235,0
"1531",78,3,23,0.052,19.5046661787216,1
"1532",78,2,99,0.049,40.0587472324354,1
"1533",78,3,179,0.052,60.1877578062521,0
"1534",78,2,37,0.049,27.3290942524261,0
"1535",78,3,27,0.052,23.0255626710725,1
"1536",78,3,35,0.052,29.1467564428931,0
"1537",78,2,38,0.049,22.6504184940011,1
"1538",78,2,48,0.049,26.3404578826634,0
"1539",78,3,94,0.052,54.0966729035399,0
"1540",78,2,126,0.049,59.4163156955671,0
"1541",78,3,22,0.052,14.3587537957507,0
"1542",78,2,34,0.049,23.6516068406185,0
"1543",78,1,43,0.028,27.5945007659295,1
"1544",79,2,16,0.049,10.7443684470771,1
"1545",79,2,20,0.049,25.1501042038348,0
"1546",79,1,40,0.028,27.2943201076036,1
"1547",79,2,30,0.049,19.5271485304443,1
"1548",79,3,38,0.052,23.8469399923029,0
"1549",79,3,22,0.052,16.0960460215105,0
"1550",79,2,55,0.049,48.8688229178601,0
"1551",79,1,152,0.028,63.3076691570338,0
"1552",79,1,82,0.028,27.7899268916001,1
"1553",79,2,16,0.049,15.4577337743937,1
"1554",79,3,26,0.052,15.6182813008545,1
"1555",79,2,249,0.049,78.2704204192745,0
"1556",79,1,41,0.028,21.470960826304,1
"1557",79,2,277,0.049,63.3850285570171,1
"1558",79,2,29,0.049,28.4681760101394,0
"1559",79,3,152,0.052,69.7993520630314,0
"1560",80,2,11,0.049,9.25973964084314,1
"1561",80,3,204,0.052,77.2455155663479,0
"1562",80,1,12,0.028,7.81434578345869,1
"1563",80,2,14,0.049,10.3091203033534,1
"1564",80,3,25,0.052,15.480823588584,1
"1565",80,3,435,0.052,77.156428210556,1
"1566",80,3,19,0.052,16.725004842482,1
"1567",80,3,403,0.052,96.3951211607826,0
"1568",80,2,216,0.049,56.2031415333448,1
"1569",80,1,25,0.028,11.2105509835777,1
"1570",80,2,24,0.049,16.328594350464,1
"1571",80,2,44,0.049,37.6931051606327,1
"1572",80,3,147,0.052,62.4591947003295,0
"1573",80,2,85,0.049,47.4202846930855,1
"1574",80,3,102,0.052,56.1067136365389,1
"1575",80,2,16,0.049,14.2846665378812,1
"1576",80,1,23,0.028,17.5082626920237,1
"1577",80,2,173,0.049,53.9168892052692,1
"1578",80,3,143,0.052,67.6756264238018,0
"1579",80,1,81,0.028,47.2212334833402,1
"1580",80,1,36,0.028,27.5826935975281,1
"1581",80,2,13,0.049,14.1474062716385,1
"1582",80,2,50,0.049,51.5105056546214,1
"1583",80,1,17,0.028,11.9224900155576,1
"1584",80,3,59,0.052,53.2063091694808,1
"1585",80,2,173,0.049,51.1663061553702,1
"1586",80,3,78,0.052,44.5267698435743,0
"1587",81,2,144,0.049,48.5826383884174,0
"1588",81,2,25,0.049,25.6311351845411,1
"1589",81,3,157,0.052,67.7486961442287,1
"1590",81,2,134,0.049,58.4351845449108,1
"1591",81,2,44,0.049,22.3918354279239,1
"1592",81,3,225,0.052,68.4070996411654,1
"1593",81,1,11,0.028,6.10082350936363,0
"1594",81,1,15,0.028,9.45370369771299,1
"1595",81,3,20,0.052,23.6333327713057,1
"1596",81,3,18,0.052,21.3293647645425,1
"1597",81,2,24,0.049,16.3954767118663,1
"1598",81,1,51,0.028,14.9608323980725,1
"1599",81,3,8,0.052,5.79680206986321,1
"1600",81,3,172,0.052,63.9779297370132,1
"1601",81,1,48,0.028,20.4692996377071,1
"1602",81,2,132,0.049,59.0732171559705,1
"1603",82,3,120,0.052,57.1227612829242,1
"1604",82,3,17,0.052,16.0458685800557,1
"1605",82,3,11,0.052,7.47219089911567,1
"1606",82,1,76,0.028,46.1757834755484,1
"1607",82,2,75,0.049,31.724161283026,1
"1608",82,2,313,0.049,59.1411861479595,0
"1609",82,3,99,0.052,58.270944423128,0
"1610",82,1,35,0.028,16.5380239223863,0
"1611",82,2,24,0.049,19.0123592774439,0
"1612",82,2,38,0.049,41.8385155120866,1
"1613",82,2,48,0.049,25.2285889114015,1
"1614",82,1,230,0.028,51.5589902948174,0
"1615",82,3,82,0.052,53.494982183489,0
"1616",82,3,33,0.052,33.2742414144939,1
"1617",82,1,49,0.028,18.7139497988473,1
"1618",82,2,26,0.049,18.295324290324,1
"1619",82,2,10,0.049,5.19878930096454,0
"1620",82,2,56,0.049,30.6095394128498,0
"1621",82,3,85,0.052,52.798786822254,0
"1622",82,3,43,0.052,29.070475919167,0
"1623",82,1,74,0.028,26.0796377781532,0
"1624",82,3,24,0.052,17.9284797880555,1
"1625",82,2,85,0.049,40.5732318584442,0
"1626",82,1,23,0.028,23.4379900854574,0
"1627",82,3,119,0.052,61.7839083539138,0
"1628",83,3,232,0.052,71.9740323916272,1
"1629",83,1,54,0.028,32.4485413296412,1
"1630",83,1,89,0.028,32.1506966531616,1
"1631",83,3,12,0.052,8.17872411924266,1
"1632",83,1,130,0.028,44.1907570626312,1
"1633",83,1,64,0.028,32.7439408015015,1
"1634",83,1,4,0.028,2.06331302876748,1
"1635",83,2,93,0.049,38.8687088660937,0
"1636",83,1,90,0.028,39.3961774875142,1
"1637",83,1,76,0.028,26.4388215191518,1
"1638",83,2,87,0.049,54.2380848563968,1
"1639",83,3,57,0.052,41.2968553470094,1
"1640",83,3,31,0.052,23.8305926531332,1
"1641",83,1,17,0.028,10.2449569340827,1
"1642",83,1,286,0.028,79.7389851379057,1
"1643",83,3,27,0.052,24.3392543204312,1
"1644",83,3,389,0.052,90.4505750344842,0
"1645",83,3,6,0.052,5.09266653630327,1
"1646",83,3,150,0.052,63.9033096930494,1
"1647",83,2,47,0.049,40.1810214654068,1
"1648",84,1,45,0.028,31.091721001508,1
"1649",84,1,18,0.028,13.7206430872225,1
"1650",84,3,108,0.052,39.324170096764,0
"1651",84,3,13,0.052,12.4019746901517,1
"1652",84,2,62,0.049,38.8876768889816,0
"1653",84,1,115,0.028,42.4767544799369,0
"1654",84,1,86,0.028,22.8931194970577,1
"1655",84,1,63,0.028,37.6103509985259,0
"1656",84,3,6,0.052,5.49643128782748,1
"1657",84,2,89,0.049,40.3082299862899,0
"1658",84,1,84,0.028,34.9520032824793,1
"1659",84,2,8,0.049,7.50661604958381,1
"1660",84,3,204,0.052,58.8167763571433,0
"1661",84,3,35,0.052,34.2298346633665,1
"1662",84,3,48,0.052,33.7121215582486,1
"1663",84,3,33,0.052,17.3799558554573,1
"1664",84,1,103,0.028,44.0682150812177,0
"1665",84,3,173,0.052,58.0111540301493,0
"1666",84,1,55,0.028,15.4127010557302,1
"1667",84,1,49,0.028,44.7127466167468,0
"1668",85,1,73,0.028,40.2716024871641,0
"1669",85,3,48,0.052,31.2853356505932,1
"1670",85,3,7,0.052,9.90395087415505,0
"1671",85,3,41,0.052,25.7438355936356,1
"1672",85,3,69,0.052,37.175960959628,1
"1673",85,3,33,0.052,15.8768018974329,1
"1674",85,3,31,0.052,22.5677644229128,0
"1675",85,3,18,0.052,26.7828843170199,0
"1676",85,3,43,0.052,33.1083182539262,1
"1677",85,1,76,0.028,41.3968737062468,1
"1678",85,1,177,0.028,49.194401134063,1
"1679",85,3,115,0.052,58.834204398773,1
"1680",85,2,96,0.049,40.7808239760318,1
"1681",85,2,36,0.049,24.6978615971958,1
"1682",85,3,1064,0.052,98.8267556882656,0
"1683",85,2,38,0.049,29.8423815994014,0
"1684",85,3,15,0.052,13.8081522087374,1
"1685",85,1,242,0.028,83.9698027091922,0
"1686",85,3,63,0.052,60.1894513688726,0
"1687",85,3,39,0.052,32.9871397330978,0
"1688",85,1,125,0.028,42.3279506974462,1
"1689",85,1,42,0.028,27.0484116916575,0
"1690",85,1,49,0.028,20.0496132413521,1
"1691",85,2,27,0.049,23.8765444854194,0
"1692",85,2,39,0.049,24.4387641470048,1
"1693",85,3,91,0.052,111.609321724173,0
"1694",85,3,44,0.052,31.863090525292,0
"1695",86,2,44,0.049,50.881134682463,0
"1696",86,3,41,0.052,22.7695747501474,1
"1697",86,1,130,0.028,71.0854508409174,1
"1698",86,2,46,0.049,27.1905944237038,1
"1699",86,2,45,0.049,28.7739927682948,1
"1700",86,2,209,0.049,54.5472618652911,1
"1701",86,2,68,0.049,37.3920076399758,1
"1702",86,2,91,0.049,63.2638216319159,1
"1703",86,1,112,0.028,48.8105473986109,1
"1704",86,2,16,0.049,11.5459292756969,1
"1705",86,3,19,0.052,15.5905400854769,1
"1706",86,3,86,0.052,41.5303119819462,1
"1707",86,3,44,0.052,46.2390968353247,1
"1708",86,1,7,0.028,4.96766885906843,1
"1709",86,2,90,0.049,36.2261704600058,1
"1710",86,3,31,0.052,18.0017803627482,1
"1711",86,3,71,0.052,53.3547055446795,1
"1712",86,1,145,0.028,60.6037768313486,1
"1713",86,2,129,0.049,44.5920143556283,1
"1714",86,2,39,0.049,27.7755621502909,1
"1715",86,2,146,0.049,50.4038371252982,1
"1716",86,1,27,0.028,15.224341325729,1
"1717",86,2,64,0.049,40.1831261197934,0
"1718",86,2,586,0.049,73.1009843420431,1
"1719",86,3,80,0.052,62.3119367509499,1
"1720",87,2,105,0.049,36.2373207841573,1
"1721",87,2,174,0.049,56.353885371248,0
"1722",87,1,231,0.028,48.0652419286442,1
"1723",87,3,297,0.052,82.4175601332991,0
"1724",87,3,252,0.052,61.7513344065796,0
"1725",87,1,126,0.028,51.4691059662711,1
"1726",87,1,39,0.028,17.4990058137225,1
"1727",87,2,8,0.049,4.54007875125915,1
"1728",87,2,150,0.049,64.396902840985,0
"1729",87,3,82,0.052,42.5446517424056,0
"1730",87,1,84,0.028,40.0902214814555,1
"1731",87,2,21,0.049,13.5294891847001,1
"1732",87,2,97,0.049,36.8828920469871,0
"1733",87,2,87,0.049,40.0237168948247,1
"1734",87,1,21,0.028,24.7132047700419,1
"1735",87,2,77,0.049,34.5776158164609,0
"1736",87,2,160,0.049,57.2163594082827,0
"1737",87,1,15,0.028,13.9295636936236,0
"1738",87,3,289,0.052,78.7446891722583,0
"1739",87,2,29,0.049,27.2594723075881,1
"1740",87,3,19,0.052,19.8349682416768,1
"1741",87,3,29,0.052,16.4050668694329,1
"1742",87,1,19,0.028,21.9103306325176,1
"1743",88,1,17,0.028,12.651737252535,0
"1744",88,2,13,0.049,10.2479650611984,1
"1745",88,3,82,0.052,46.0641618078823,1
"1746",88,1,52,0.028,31.8036387329687,0
"1747",88,3,112,0.052,67.277113630805,0
"1748",88,1,45,0.028,14.7075155735088,1
"1749",88,1,109,0.028,41.8859147107648,1
"1750",88,1,105,0.028,44.8325369687071,1
"1751",88,2,194,0.049,77.6338851617323,0
"1752",88,1,88,0.028,23.2093693730255,1
"1753",88,2,32,0.049,26.9479929277719,1
"1754",88,2,23,0.049,15.0213148504734,0
"1755",88,1,33,0.028,12.0382216683938,1
"1756",88,2,36,0.049,22.7911717807225,1
"1757",89,3,51,0.052,78.970082897605,0
"1758",89,2,154,0.049,51.589393277191,0
"1759",89,3,79,0.052,36.6013550549575,0
"1760",89,1,34,0.028,21.2081057752179,0
"1761",89,1,29,0.028,10.053880478765,1
"1762",89,2,55,0.049,31.3498401065271,1
"1763",89,2,67,0.049,46.9797671911129,1
"1764",89,1,12,0.028,12.1732453109111,1
"1765",89,1,99,0.028,44.7277430372141,0
"1766",89,2,141,0.049,63.0968858030454,1
"1767",89,2,14,0.049,15.2994625561838,1
"1768",89,1,13,0.028,10.4785638461091,1
"1769",89,3,40,0.052,33.82513054083,0
"1770",89,1,38,0.028,20.8163946018811,1
"1771",89,3,48,0.052,36.3026280589643,1
"1772",89,2,39,0.049,27.1445273556904,1
"1773",89,1,148,0.028,26.6288450112229,1
"1774",89,3,31,0.052,22.1391144597867,1
"1775",89,2,24,0.049,18.4031988546101,0
"1776",89,2,126,0.049,45.5382380442324,1
"1777",89,1,16,0.028,15.8013566658556,1
"1778",89,2,62,0.049,27.0662897777418,1
"1779",89,2,136,0.049,55.2766251112665,1
"1780",89,1,12,0.028,9.61970310118134,1
"1781",89,3,398,0.052,81.3086601910051,0
"1782",90,1,94,0.028,31.4100905798333,0
"1783",90,1,35,0.028,8.57070106075151,1
"1784",90,2,40,0.049,28.8291869297687,1
"1785",90,1,19,0.028,15.3260958701525,0
"1786",90,1,6,0.028,8.23294893457341,1
"1787",90,3,58,0.052,51.8842001977862,1
"1788",90,2,157,0.049,65.2415907613178,0
"1789",90,1,187,0.028,47.1770228140746,0
"1790",90,1,4,0.028,2.25238059739076,1
"1791",90,1,155,0.028,61.4360281830254,1
"1792",90,3,23,0.052,23.0651482309871,1
"1793",90,3,5,0.052,4.59745114695395,1
"1794",90,2,13,0.049,11.2030684143518,1
"1795",90,1,59,0.028,26.9853032772309,1
"1796",91,2,150,0.049,80.4114925700717,0
"1797",91,1,30,0.028,24.1672048885795,1
"1798",91,3,100,0.052,43.3356996740989,1
"1799",91,3,129,0.052,62.9360572002087,0
"1800",91,3,77,0.052,39.6369067729981,0
"1801",91,3,363,0.052,85.2433805747444,0
"1802",91,3,249,0.052,67.4650599098417,0
"1803",91,2,195,0.049,62.0415376820482,0
"1804",91,2,55,0.049,31.4474875445936,1
"1805",91,3,113,0.052,47.1303800279755,1
"1806",91,3,21,0.052,21.3975076050196,1
"1807",91,1,21,0.028,18.1647916359578,0
"1808",91,1,19,0.028,10.9109188897337,1
"1809",91,3,156,0.052,54.9328629264978,0
"1810",91,3,46,0.052,32.5708985626538,0
"1811",91,1,67,0.028,39.8641955748495,1
"1812",91,2,26,0.049,62.1194440699388,1
"1813",91,2,21,0.049,12.0139015465859,1
"1814",92,2,119,0.049,48.9490317027217,0
"1815",92,2,280,0.049,75.0802296723557,1
"1816",92,1,31,0.028,15.1253549059317,1
"1817",92,3,31,0.052,21.7715158741234,1
"1818",92,3,58,0.052,26.8065712049631,1
"1819",92,1,14,0.028,9.79221264758352,1
"1820",92,1,30,0.028,19.0008687691701,1
"1821",92,2,301,0.049,70.1905750918393,0
"1822",92,1,33,0.028,21.3166586327908,0
"1823",92,2,304,0.049,65.9836113665581,1
"1824",92,1,217,0.028,72.0335109370574,1
"1825",92,2,48,0.049,43.5040114018093,1
"1826",92,1,33,0.028,12.6335155354061,1
"1827",92,1,285,0.028,64.4553443677594,0
"1828",92,1,44,0.028,28.0926846001247,1
"1829",92,3,48,0.052,30.1950438673548,1
"1830",92,3,21,0.052,12.9082198971898,0
"1831",92,3,44,0.052,30.4727831780353,1
"1832",92,2,102,0.049,64.315647570843,1
"1833",92,1,112,0.028,42.82020006209,0
"1834",92,1,89,0.028,41.8040745341884,1
"1835",92,3,168,0.052,56.1769343294738,0
"1836",92,1,71,0.028,31.3803724576159,0
"1837",92,3,77,0.052,57.2111304743642,1
"1838",92,3,51,0.052,35.9675409714306,1
"1839",92,1,11,0.028,9.23946012276589,1
"1840",93,1,176,0.028,69.1481168800773,0
"1841",93,1,71,0.028,21.1948533669963,0
"1842",93,2,60,0.049,29.7948975625755,1
"1843",93,2,74,0.049,24.2682269150823,0
"1844",93,2,63,0.049,27.4590624711954,0
"1845",93,3,10,0.052,7.85970043882788,0
"1846",93,2,237,0.049,51.6783740646885,0
"1847",93,2,123,0.049,51.141862548212,1
"1848",93,1,131,0.028,48.1947314182528,1
"1849",93,2,15,0.049,14.74878078263,1
"1850",93,3,19,0.052,17.9569923574865,1
"1851",93,3,441,0.052,67.2379247830101,1
"1852",93,1,333,0.028,69.4510137419804,0
"1853",93,2,41,0.049,31.649400126237,0
"1854",93,1,31,0.028,22.227996127594,1
"1855",93,2,117,0.049,41.178239871899,0
"1856",93,3,27,0.052,24.2494222730084,0
"1857",93,1,54,0.028,27.1732485527333,1
"1858",93,1,11,0.028,9.72106880655099,1
"1859",93,2,57,0.049,28.9605022860898,0
"1860",93,2,15,0.049,12.1759198863382,0
"1861",94,1,4,0.028,2.26079098807806,1
"1862",94,3,6,0.052,3.69360150140287,1
"1863",94,2,76,0.049,29.9687100608993,1
"1864",94,3,14,0.052,9.50758788683398,1
"1865",94,2,159,0.049,56.3718496194303,1
"1866",94,1,223,0.028,70.583083855702,1
"1867",94,3,61,0.052,39.1928210392503,1
"1868",94,3,38,0.052,33.5410919609226,1
"1869",94,3,39,0.052,26.293641842641,1
"1870",94,3,64,0.052,41.7050466150551,1
"1871",94,1,29,0.028,13.9927901385255,1
"1872",94,3,6,0.052,5.73906338787748,1
"1873",94,3,30,0.052,39.5541669076791,1
"1874",94,1,22,0.028,16.5061701418841,1
"1875",94,3,23,0.052,21.1230973030433,1
"1876",94,3,117,0.052,68.4982919431039,1
"1877",95,3,134,0.052,51.7932854728017,0
"1878",95,1,98,0.028,34.1972848958795,1
"1879",95,2,5,0.049,3.88843292954831,1
"1880",95,1,59,0.028,22.7364849205787,1
"1881",95,2,123,0.049,51.2557366348242,0
"1882",95,1,61,0.028,36.8293830359193,1
"1883",95,2,105,0.049,44.9453644750837,0
"1884",95,3,41,0.052,29.6956290540559,0
"1885",95,1,137,0.028,42.3815676567624,0
"1886",95,3,197,0.052,65.6993743459326,0
"1887",95,3,44,0.052,32.7468254234709,1
"1888",95,1,83,0.028,40.6946164592335,1
"1889",95,1,231,0.028,43.3741800297449,1
"1890",95,3,40,0.052,29.8281241728359,1
"1891",95,2,14,0.049,12.4997183376012,1
"1892",95,3,26,0.052,19.7279979739431,1
"1893",95,3,100,0.052,40.0776445333768,1
"1894",95,1,13,0.028,4.69504718543002,1
"1895",95,3,31,0.052,36.8120656138004,0
"1896",95,3,35,0.052,34.1595803883152,0
"1897",96,1,221,0.028,61.7854155422316,1
"1898",96,1,50,0.028,26.0095420791221,0
"1899",96,3,168,0.052,62.5394341473917,0
"1900",96,1,15,0.028,10.481835781883,1
"1901",96,3,41,0.052,38.6242346891951,1
"1902",96,2,20,0.049,21.5586860446442,0
"1903",96,2,34,0.049,37.7455676611919,0
"1904",96,1,17,0.028,13.4027765911006,0
"1905",96,2,69,0.049,35.9395514304668,1
"1906",96,3,58,0.052,49.1955768088409,0
"1907",96,2,68,0.049,38.3294043782298,1
"1908",96,2,72,0.049,32.0632945046829,0
"1909",96,2,34,0.049,22.2960000208358,1
"1910",96,3,12,0.052,10.3398600376683,1
"1911",96,1,32,0.028,6.03542659029165,1
"1912",96,2,76,0.049,42.7419742750375,1
"1913",96,3,524,0.052,86.8768823264635,0
"1914",96,3,61,0.052,43.3244592649354,1
"1915",96,1,79,0.028,27.0549341074932,1
"1916",96,2,40,0.049,22.2753445385553,0
"1917",96,1,47,0.028,23.0123884101432,0
"1918",96,1,9,0.028,6.96779327650303,1
"1919",96,2,48,0.049,23.2154440904795,1
"1920",96,2,167,0.049,72.0585148152674,0
"1921",97,1,55,0.028,44.4798883393159,1
"1922",97,2,114,0.049,47.3986428526428,1
"1923",97,3,24,0.052,18.7636218936172,1
"1924",97,3,76,0.052,54.8559345584304,0
"1925",97,1,82,0.028,43.9473345767958,1
"1926",97,3,99,0.052,51.2850856752275,1
"1927",97,2,84,0.049,34.32330300314,1
"1928",97,3,30,0.052,24.6589381654724,0
"1929",97,2,37,0.049,20.4712844193472,1
"1930",97,3,84,0.052,44.4122110558053,0
"1931",97,3,42,0.052,31.6446748288901,0
"1932",97,1,94,0.028,41.2210602686254,0
"1933",97,3,410,0.052,89.165608935155,0
"1934",97,3,17,0.052,23.1100210755667,1
"1935",97,3,94,0.052,56.140880745379,0
"1936",97,3,29,0.052,22.7728965925592,1
"1937",97,2,32,0.049,24.1798673722341,1
"1938",97,3,45,0.052,30.5606707376335,1
"1939",97,2,6,0.049,4.98417297751427,1
"1940",97,3,39,0.052,24.6517500937304,0
"1941",97,3,18,0.052,17.6598759747298,0
"1942",97,3,49,0.052,50.8821897401485,1
"1943",97,2,58,0.049,30.6041946026379,1
"1944",97,3,177,0.052,83.9890296951993,1
"1945",97,3,14,0.052,14.5372191345004,1
"1946",98,2,59,0.049,30.7353274426056,1
"1947",98,3,26,0.052,21.1565805561375,1
"1948",98,3,279,0.052,85.8770858863812,0
"1949",98,2,26,0.049,15.10784189082,1
"1950",98,3,29,0.052,22.0363815370947,1
"1951",98,2,112,0.049,66.9184844698336,1
"1952",98,2,33,0.049,21.7607496527785,1
"1953",98,1,26,0.028,14.8489880128733,1
"1954",98,1,68,0.028,27.1803795981288,0
"1955",98,3,98,0.052,55.2245936017462,1
"1956",98,3,107,0.052,65.64691000787,1
"1957",98,1,98,0.028,50.1769124186438,1
"1958",98,1,30,0.028,13.1745686475591,1
"1959",98,2,72,0.049,48.6110889133813,1
"1960",98,1,22,0.028,10.9467259135496,1
"1961",98,1,159,0.028,55.1181439307925,1
"1962",98,3,207,0.052,79.5052307167021,1
"1963",99,3,46,0.052,36.2612682526748,1
"1964",99,3,275,0.052,65.5998408146295,0
"1965",99,1,148,0.028,58.2596499892844,0
"1966",99,1,66,0.028,29.1775343572943,1
"1967",99,3,22,0.052,22.974125139254,1
"1968",99,3,13,0.052,13.0434866883081,1
"1969",99,3,18,0.052,17.9445566605643,0
"1970",99,1,19,0.028,20.4078437960905,0
"1971",99,3,12,0.052,11.7164072057847,0
"1972",99,1,20,0.028,9.00249905165169,0
"1973",99,1,24,0.028,14.3611850960746,1
"1974",99,1,90,0.028,29.942623344401,1
"1975",99,3,81,0.052,62.0553782007835,1
"1976",99,2,200,0.049,76.5782717227493,0
"1977",99,2,458,0.049,81.2101016464069,0
"1978",99,3,81,0.052,73.2092542344884,1
"1979",99,2,27,0.049,12.9604289681425,0
"1980",100,2,192,0.049,51.1814973716449,1
"1981",100,3,173,0.052,75.838776034423,0
"1982",100,2,76,0.049,34.4222369438453,0
"1983",100,1,183,0.028,53.3038671639399,1
"1984",100,3,62,0.052,43.4623768228717,1
"1985",100,1,51,0.028,17.3289820785281,1
"1986",100,1,214,0.028,55.1314075721862,1
"1987",100,3,49,0.052,40.3832522851118,0
"1988",100,2,15,0.049,11.6353280077244,0
"1989",100,1,119,0.028,29.4991840427057,0
"1990",100,3,23,0.052,17.0421742535633,1
"1991",100,1,67,0.028,25.3340407861427,1
"1992",100,1,71,0.028,40.2546969231602,0
"1993",100,2,224,0.049,78.7942679892919,0
"1994",100,2,21,0.049,17.0812892359943,1
"1995",100,1,12,0.028,8.03598596718564,1
"1996",100,2,9,0.049,5.80617981779038,1
"1997",100,2,31,0.049,18.0527894783827,0
"1998",100,1,52,0.028,34.0323440048076,1
"1999",100,2,57,0.049,33.1125059828739,0
"2000",100,1,26,0.028,16.3628970010182,0
